image_id,latitude,longitude,hour
scene_002184,-16.497932291030885,-64.659485,12.963522
scene_000717,24.425590658187865,-85.48891,12.963522
scene_004934,14.969658041000368,-6.7186737,12.963522
scene_004566,0.39583888053893995,132.01752,12.963522
scene_007176,25.678032064437865,175.2745,12.963522
scene_003052,9.954673910140992,-165.45065,12.963522
scene_003432,15.251457357406618,159.45154,12.963522
scene_004161,6.562645101547241,-154.3953,12.963522
scene_006173,6.019920492172241,-113.96818,12.963522
scene_003467,6.463493490219116,-78.51489,12.963522
scene_000569,26.78435530662537,-19.179688,12.963522
scene_006457,17.286674642562865,-44.437042,12.963522
scene_001872,-4.124854898452759,176.26044,12.963522
scene_006917,-5.210304117202759,-3.8016663,12.963522
scene_004203,-1.913513040542603,145.4632,12.963522
scene_007770,-29.05365738868714,119.91434,12.963522
scene_005497,-15.120246744155885,-6.8677063,12.963522
scene_006733,36.261161947250365,-67.84013,12.963522
scene_006584,-15.892585611343383,81.48526,12.963522
scene_004447,21.607597494125365,140.58588,12.963522
scene_000523,24.780449056625365,-118.73516,12.963522
scene_000212,13.414543294906618,-55.904434,12.963522
scene_005319,-25.08759293556214,1.2253876,12.963522
scene_003979,11.880302572250367,-34.832306,12.963522
scene_005736,-38.008613443374635,26.147278,12.963522
scene_006301,19.937675619125365,122.07898,12.963522
scene_004284,1.7994538784027094,9.555481,12.963522
scene_007658,0.39585926532745314,41.9859,12.963522
scene_003612,13.445854330062868,106.21985,12.963522
scene_003352,-5.038093423843384,-72.73253,12.963522
scene_006348,-2.190093851089478,-76.47401,12.963522
scene_007313,-9.312049722671508,-146.92104,12.963522
scene_000090,-19.900398111343385,-158.88213,12.963522
scene_000548,10.439994955062867,-61.215088,12.963522
scene_005530,13.727653646469118,-126.03407,12.963522
scene_007498,16.33690657615662,133.38422,12.963522
scene_005541,10.419120931625367,-159.9566,12.963522
scene_006385,5.691154623031616,-11.641449,12.963522
scene_000946,8.697013998031617,-88.63212,12.963522
scene_006813,30.70867171287537,45.089462,12.963522
scene_001176,16.858757162094115,-164.55429,12.963522
scene_002192,10.575676107406617,175.41055,12.963522
scene_007259,-2.676719522476197,148.90411,12.963522
scene_004357,-14.347907876968385,164.17792,12.963522
scene_000534,-23.751655435562135,-18.620453,12.963522
scene_000101,-18.668830728530885,41.74768,12.963522
scene_002531,-19.357673501968385,-44.10869,12.963522
scene_001757,-1.6134489536285408,-174.04436,12.963522
scene_007602,8.248222494125367,17.06247,12.963522
scene_002195,-5.758247232437134,102.5636,12.963522
scene_006016,5.318031454086303,101.94177,12.963522
scene_004309,14.562614583969118,-112.84617,12.963522
scene_007005,11.504570150375367,175.67072,12.963522
scene_005769,13.498039388656618,-167.8429,12.963522
scene_007600,24.509086751937865,164.30255,12.963522
scene_005595,-4.777168130874634,164.0607,12.963522
scene_005969,15.564567708969118,13.925171,12.963522
scene_007173,11.160148763656617,71.35242,12.963522
scene_002508,20.981376791000365,67.85071,12.963522
scene_001213,5.625923299789428,1.1654968,12.963522
scene_001671,-21.434638833999635,-4.0895844,12.963522
scene_004013,-7.918708658218384,-159.24803,12.963522
scene_004927,-10.653205728530883,-28.202393,12.963522
scene_007641,37.993705892562865,89.284424,12.963522
scene_005873,-4.511024332046509,173.45398,12.963522
scene_003574,0.36762123703956556,-98.95336,12.963522
scene_004708,-13.241584634780885,-64.900024,12.963522
scene_007347,-3.9578627109527593,139.4154,12.963522
scene_003472,2.03950514793396,136.71356,12.963522
scene_000048,-5.799995279312134,-167.55608,12.963522
scene_001661,2.34217848777771,34.92331,12.963522
scene_002396,-24.190009927749635,-66.84649,12.963522
scene_005513,11.201896810531617,167.48865,12.963522
scene_004928,12.673515462875367,-165.01843,12.963522
scene_005660,-12.594489908218385,164.97684,12.963522
scene_000287,-27.55072770118714,19.441986,12.963522
scene_006566,-7.334236001968385,-80.05272,12.963522
scene_007538,-17.343330240249635,157.79498,12.963522
scene_003825,1.6683389186859126,-178.07292,12.963522
scene_006170,-2.9820021152496348,175.6955,12.963522
scene_002514,-10.653205728530883,34.7919,12.963522
scene_001498,14.051201009750368,113.08847,12.963522
scene_004342,13.372795248031618,151.54523,12.963522
scene_002535,-0.8756826877594,115.62689,12.963522
scene_007510,15.700248861312868,-115.89662,12.963522
scene_003228,26.67998518943787,-171.48764,12.963522
scene_007321,19.645439291000365,32.40744,12.963522
scene_007738,-1.8952482700347906,176.22641,12.963522
scene_007237,1.8581620693206782,-138.063,12.963522
scene_002963,40.039360189437865,-169.86702,12.963522
scene_002967,47.825370931625365,32.814087,12.963522
scene_001232,-14.118293619155885,-42.515167,12.963522
scene_001585,26.17900862693787,-124.17495,12.963522
scene_002905,5.158867025375366,-58.440933,12.963522
scene_001841,17.453666830062865,-110.87069,12.963522
scene_003603,8.430870199203492,6.231598,12.963522
scene_005209,-17.270271158218385,129.39786,12.963522
scene_000368,19.081840658187865,117.657196,12.963522
scene_005885,-11.112434244155883,108.76526,12.963522
scene_004162,5.712028646469116,-84.04376,12.963522
scene_006820,25.197929525375365,-32.465546,12.963522
scene_005341,23.569755697250365,49.78366,12.963522
scene_001225,-17.792121744155885,29.960129,12.963522
scene_001607,8.556114339828492,30.510132,12.963522
scene_004209,-34.293037271499635,53.269897,12.963522
scene_003298,-10.084388589859008,98.2684,12.963522
scene_004285,21.148368978500365,120.439026,12.963522
scene_003311,-13.022407388687135,-18.214233,12.963522
scene_000669,1.9416581630706784,134.89313,12.963522
scene_006213,21.023124837875365,100.55426,12.963522
scene_002612,-37.507636880874635,137.81433,12.963522
scene_006764,-9.348579263687133,-159.66054,12.963522
scene_006140,34.841728353500365,82.72223,12.963522
scene_002934,-24.565742349624635,42.560104,12.963522
scene_001032,10.111229085922242,-144.09044,12.963522
scene_007561,-12.406623697280885,-45.115448,12.963522
scene_004459,11.734184408187867,-42.641617,12.963522
scene_000179,6.040794515609741,114.285,12.963522
scene_003079,-46.316474771499635,27.79712,12.963522
scene_004312,9.521537923812867,-75.274704,12.963522
scene_002113,6.338249349594116,93.70703,12.963522
scene_002501,20.887443685531615,-5.9255676,12.963522
scene_005994,8.154289388656617,4.8808594,12.963522
scene_005015,-2.6062696933746343,2.115448,12.963522
scene_004361,-17.760810708999635,148.60544,12.963522
scene_004599,11.222770833969117,-172.61009,12.963522
scene_004391,22.839164876937865,76.32538,12.963522
scene_003186,32.08635725975037,101.447754,12.963522
scene_000602,-11.488166666030883,-8.198395,12.963522
scene_007360,29.72759261131287,127.40509,12.963522
scene_004670,40.373344564437865,-127.73736,12.963522
scene_006727,-11.759528970718383,156.19449,12.963522
scene_006122,-5.392951822280884,-24.952164,12.963522
scene_005240,24.738701009750365,-137.51286,12.963522
scene_004440,24.154228353500365,-133.01411,12.963522
scene_003616,-37.006660318374635,99.84338,12.963522
scene_005506,-7.167243814468385,143.96777,12.963522
scene_002424,22.567802572250365,-71.87008,12.963522
scene_001092,9.928581380844117,-78.080605,12.963522
scene_001713,-11.769965982437133,-166.00832,12.963522
scene_001820,2.708778524398803,-11.148499,12.963522
scene_005639,5.920768880844116,-74.11356,12.963522
scene_006343,-8.518836832046508,-168.22691,12.963522
scene_007841,-42.099922037124635,-66.56161,12.963522
scene_003297,2.11256422996521,-62.692726,12.963522
scene_002858,29.51885237693787,-164.01242,12.963522
scene_004078,4.704857015609741,-113.43432,12.963522
scene_006366,9.944236898422242,81.12375,12.963522
scene_003391,3.5750504970550536,-81.37383,12.963522
scene_002320,22.505180501937865,-156.25737,12.963522
scene_004221,-16.591865396499635,18.741669,12.963522
scene_006469,19.937675619125365,-171.57622,12.963522
scene_007364,-23.897773599624635,-159.553,12.963522
scene_004965,13.852897787094118,117.569214,12.963522
scene_007320,-9.948707437515258,-158.24493,12.963522
scene_007367,21.231865072250365,145.96515,12.963522
scene_001307,34.570366048812865,-66.34054,12.963522
scene_003477,29.81108870506287,159.61346,12.963522
scene_002493,-9.687782144546508,-50.84613,12.963522
scene_002478,35.217460775375365,13.059708,12.963522
scene_005477,6.312156820297241,-44.6698,12.963522
scene_003677,36.824760580062865,-84.781555,12.963522
scene_004351,9.354545736312867,-114.84008,12.963522
scene_001598,24.968315267562865,166.71979,12.963522
scene_001719,22.317314291000365,-86.96767,12.963522
scene_005161,2.5874482631683344,-131.28854,12.963522
scene_007574,0.16622462272643995,90.23407,12.963522
scene_003095,3.5802690029144286,-75.71115,12.963522
scene_004617,25.636284017562865,-79.65523,12.963522
scene_001657,1.4067613124847407,-23.105911,12.963522
scene_003441,-9.729530191421508,-90.89755,12.963522
scene_005979,4.952736043930053,56.68126,12.963522
scene_001513,37.576225423812865,-97.05048,12.963522
scene_007476,18.810478353500365,26.79808,12.963522
scene_005421,19.937675619125365,-3.9005127,12.963522
scene_004385,12.997062826156617,111.54852,12.963522
scene_002292,1.218895101547241,-120.48887,12.963522
scene_000454,13.738090658187868,-78.51242,12.963522
scene_003127,-10.016548013687133,-38.099182,12.963522
scene_004796,16.10729231834412,172.49652,12.963522
scene_007258,-4.845008707046509,-50.255005,12.963522
scene_000922,-35.649848794937135,36.64859,12.963522
scene_007248,4.882286214828491,-159.35428,12.963522
scene_003811,25.511039876937865,101.606476,12.963522
scene_001827,-15.203742837905885,-118.00111,12.963522
scene_000036,-4.041358804702759,-17.446838,12.963522
scene_004782,0.7753221035003658,-163.01334,12.963522
scene_007702,11.974235677719117,42.265625,12.963522
scene_000993,22.317314291000365,-7.5500336,12.963522
scene_006053,9.991203451156617,-57.017532,12.963522
scene_005376,22.192070150375365,-106.54093,12.963522
scene_003911,-19.910835123062135,44.817734,12.963522
scene_006623,21.200554037094115,-153.61224,12.963522
scene_006331,27.86980452537537,110.44824,12.963522
scene_003414,5.764213705062866,69.442245,12.963522
scene_007976,7.329765462875367,-83.66111,12.963522
scene_003844,15.721122884750368,-81.21272,12.963522
scene_000266,12.736137533187867,-40.17601,12.963522
scene_000795,-21.121528482437135,-86.176025,12.963522
scene_001245,6.599174642562866,82.46304,12.963522
scene_007571,40.519462728500365,-170.94435,12.963522
scene_007065,50.038017416000365,91.88196,12.963522
scene_007490,3.3219529628753657,16.09671,12.963522
scene_002223,17.265800619125365,136.38147,12.963522
scene_000960,7.361076498031617,141.5925,12.963522
scene_005527,22.901786947250365,16.561127,12.963522
scene_003025,-13.429450845718385,-164.74353,12.963522
scene_006246,24.968315267562865,127.465,12.963522
scene_001809,-8.936317300796508,82.95535,12.963522
scene_005676,-29.30414566993714,-31.690521,12.963522
scene_007331,-18.992378091812135,-153.59268,12.963522
scene_000392,7.507194662094117,-131.12425,12.963522
scene_006089,14.312126302719118,59.858246,12.963522
scene_007754,13.884208822250368,175.26117,12.963522
scene_002475,3.7942277431488036,157.93347,12.963522
scene_000719,31.39751448631287,139.00153,12.963522
scene_007300,-32.038642740249635,135.50092,12.963522
scene_002706,35.113090658187865,162.23413,12.963522
scene_002174,-6.58798966407776,84.19266,12.963522
scene_000309,23.799369955062865,52.92041,12.963522
scene_004721,9.364982748031617,136.21686,12.963522
scene_005850,5.200615072250366,-165.2304,12.963522
scene_001063,17.328422689437865,-94.11112,12.963522
scene_000435,-17.051093912124635,-12.479736,12.963522
scene_005954,57.21868147850037,-79.328674,12.963522
scene_000276,-10.360969400405883,40.41716,12.963522
scene_003772,31.33489241600037,171.69318,12.963522
scene_004230,-3.897849893569947,-54.661728,12.963522
scene_006021,29.64409651756287,38.93872,12.963522
scene_005895,27.49407210350037,-60.440575,12.963522
scene_004128,40.811699056625365,132.62701,12.963522
scene_002084,-18.428779458999635,175.21661,12.963522
scene_001783,-6.697578287124635,135.71771,12.963522
scene_000362,5.560691976547241,22.14853,12.963522
scene_001965,9.067527914047242,-177.69173,12.963522
scene_000422,-26.38178238868714,-40.219513,12.963522
scene_006473,8.963157796859742,140.72162,12.963522
scene_000483,-3.1176832675933848,-44.992554,12.963522
scene_002008,-4.367515420913697,-139.88077,12.963522
scene_005766,9.803337240219117,-172.3179,12.963522
scene_006541,25.093559408187865,153.71863,12.963522
scene_002976,-9.150276041030883,-62.120255,12.963522
scene_005423,-5.554725503921509,145.36404,12.963522
scene_001235,40.248100423812865,87.12964,12.963522
scene_006455,-0.7680510044097906,18.771454,12.963522
scene_006995,-1.3394773960113533,171.2367,12.963522
scene_007128,9.291923666000367,131.33273,12.963522
scene_000713,3.692466878890991,-44.329987,12.963522
scene_005844,9.333671712875367,11.782166,12.963522
scene_001056,-22.206977701187135,-140.98474,12.963522
scene_003900,23.214897298812865,-51.272858,12.963522
scene_001381,-26.40265641212464,-23.32991,12.963522
scene_001654,-17.322456216812135,77.89215,12.963522
scene_001150,7.752464437484742,-179.64517,12.963522
scene_007305,11.744621419906617,115.03818,12.963522
scene_005826,-2.8645857334136973,-166.0101,12.963522
scene_006027,30.81304183006287,-179.75847,12.963522
scene_003468,-11.362922525405883,158.34622,12.963522
scene_001396,9.563285970687867,-14.3828125,12.963522
scene_005847,19.728935384750365,-105.74038,12.963522
scene_002410,0.2726332187652583,48.6575,12.963522
scene_002733,-4.709327554702759,134.53064,12.963522
scene_003389,-16.779731607437135,-156.25066,12.963522
scene_007857,22.254692220687865,163.08661,12.963522
scene_003056,22.630424642562865,-139.81549,12.963522
scene_003559,5.234535360336303,-109.981285,12.963522
scene_001772,-1.9004667758941656,163.42499,12.963522
scene_003885,4.451759481430053,13.481461,12.963522
scene_004909,20.449089193344115,-63.03302,12.963522
scene_004620,-10.997627115249633,-129.35002,12.963522
scene_005265,20.772636556625365,85.66724,12.963522
scene_001538,23.778495931625365,-94.94106,12.963522
scene_007879,6.353904867172241,23.851456,12.963522
scene_004084,0.5400001049041743,44.46591,12.963522
scene_007500,-16.237006998062135,-114.5317,12.963522
scene_004511,-16.706672525405885,61.564972,12.963522
scene_002449,1.6807328701019282,-153.33878,12.963522
scene_000531,7.428917074203492,102.96594,12.963522
scene_006371,42.210258626937865,-147.69655,12.963522
scene_000479,0.9220925807952876,-117.49854,12.963522
scene_000601,-2.614097452163697,161.74496,12.963522
scene_002738,-15.913459634780883,-64.94482,12.963522
scene_001903,2.09169020652771,164.90814,12.963522
scene_003852,-1.036804056167603,173.15369,12.963522
scene_002035,-6.73410782814026,-16.005127,12.963522
scene_006496,-4.231834268569947,-59.35768,12.963522
scene_003239,-10.475776529312133,119.58795,12.963522
scene_005798,12.266472005844117,-128.30647,12.963522
scene_007632,25.86589827537537,88.6485,12.963522
scene_001894,7.366295003890992,-27.188034,12.963522
scene_006481,15.157524251937868,-119.13289,12.963522
scene_006812,-12.281379556655883,167.95618,12.963522
scene_003810,14.719169759750368,61.543335,12.963522
scene_004217,12.475212240219117,116.794495,12.963522
scene_003078,-37.006660318374635,-70.329575,12.963522
scene_007164,21.085746908187865,42.255646,12.963522
scene_003399,16.900505208969115,-23.866348,12.963522
scene_007366,27.68193831443787,-77.04004,12.963522
scene_000439,33.317924642562865,2.7463684,12.963522
scene_006659,20.835258626937865,-174.57863,12.963522
scene_002711,-44.437812662124635,-166.43977,12.963522
scene_002611,1.5887567043304438,146.08154,12.963522
scene_004694,-2.614097452163697,-155.7107,12.963522
scene_004280,-8.847602701187133,102.02768,12.963522
scene_007526,-14.974128580093385,178.12787,12.963522
scene_005298,0.9834100246429438,3.4696655,12.963522
scene_001765,-40.033393716812135,49.155426,12.963522
scene_007464,-1.606925821304322,-96.519585,12.963522
scene_004271,5.717247152328491,-138.59875,12.963522
scene_002914,35.614067220687865,-114.62979,12.963522
scene_002522,-4.784995889663697,141.7002,12.963522
scene_001790,-3.3890455722808848,-165.76147,12.963522
scene_006084,12.099479818344117,36.913483,12.963522
scene_003675,36.386406087875365,152.20828,12.963522
scene_000357,9.620689535140992,-2.029129,12.963522
scene_004252,0.5535356044769282,53.810165,12.963522
scene_003286,-17.249397134780885,149.70557,12.963522
scene_000307,6.948814535140992,-115.869896,12.963522
scene_007282,1.1099587917327876,165.8003,12.963522
scene_005768,-1.398185586929322,-77.42746,12.963522
scene_004053,10.450431966781617,178.95154,12.963522
scene_007401,-13.168525552749635,156.3504,12.963522
scene_000035,18.246879720687865,26.480682,12.963522
scene_002985,-5.163337564468384,0.7770233,12.963522
scene_007935,-6.676704263687135,11.715027,12.963522
scene_000423,4.394355916976928,-177.94684,12.963522
scene_007375,-14.911506509780885,-158.20732,12.963522
scene_004673,25.80327620506287,-75.65949,12.963522
scene_000890,11.139274740219117,131.21918,12.963522
scene_006233,-5.622566080093384,55.15013,12.963522
scene_004438,-46.358222818374635,145.93286,12.963522
scene_002754,0.672093534469604,-132.50641,12.963522
scene_001696,-5.351203775405884,179.90768,12.963522
scene_006592,24.801323080062865,93.724915,12.963522
scene_001094,-7.871742105484009,-50.246033,12.963522
scene_006119,-8.612769937515258,109.47037,12.963522
scene_000653,3.702903890609741,-96.37057,12.963522
scene_000734,-3.5690840244293223,-51.70404,12.963522
scene_006740,-2.118339395523072,-66.71533,12.963522
scene_005023,33.192680501937865,44.817673,12.963522
scene_001984,-1.047241067886353,-33.046936,12.963522
scene_005229,11.567192220687867,124.40109,12.963522
scene_003861,32.08635725975037,159.30038,12.963522
scene_006765,13.529350423812868,-114.464584,12.963522
scene_003744,-1.3942717075347908,-167.92639,12.963522
scene_006658,-19.034126138687135,-156.09941,12.963522
scene_004725,19.217521810531615,-151.84584,12.963522
scene_002200,-9.045905923843383,158.75342,12.963522
scene_006942,-0.23054490089416552,-120.22253,12.963522
scene_000681,24.926567220687865,-14.141769,12.963522
scene_004912,-4.443183755874634,-72.98033,12.963522
scene_007382,12.026420736312867,-117.897224,12.963522
scene_004168,11.348014974594117,-160.57907,12.963522
scene_003503,-0.14280877113342333,-13.863953,12.963522
scene_001069,25.156181478500365,97.34497,12.963522
scene_003104,6.129509115219116,151.07446,12.963522
scene_005176,11.922050619125367,6.5968323,12.963522
scene_002849,37.263115072250365,-98.485016,12.963522
scene_006751,-23.856025552749635,121.0892,12.963522
scene_007030,5.443275594711303,-170.78343,12.963522
scene_005711,37.304863119125365,-109.21609,12.963522
scene_003636,41.145683431625365,-175.13258,12.963522
scene_000317,-12.771919107437135,-28.263367,12.963522
scene_003850,-6.45230851173401,-77.41586,12.963522
scene_005800,0.9723206996917719,-141.75177,12.963522
scene_004470,23.507133626937865,44.832413,12.963522
scene_002010,5.153648519515991,-142.77844,12.963522
scene_005970,0.2644793033599849,113.640564,12.963522
scene_003882,14.207756185531618,169.26746,12.963522
scene_002807,64.90032210350037,47.404922,12.963522
scene_003751,2.106041097640991,-79.510376,12.963522
scene_001115,5.513725423812866,164.4831,12.963522
scene_006859,-12.855415201187135,-103.06261,12.963522
scene_004392,-0.6023634433746343,-80.35837,12.963522
scene_006035,24.237724447250365,21.144775,12.963522
scene_003874,11.045341634750367,153.08136,12.963522
scene_007554,5.195396566390991,-95.26492,12.963522
scene_006778,10.878349447250367,-112.338974,12.963522
scene_005117,-34.376533365249635,165.63596,12.963522
scene_000312,6.515678548812866,74.24501,12.963522
scene_003739,-11.227241373062133,-131.3007,12.963522
scene_002401,-12.876289224624635,162.29367,12.963522
scene_007188,8.717888021469117,7.450058,12.963522
scene_003367,20.417778158187865,-37.693665,12.963522
scene_007804,7.950767660140992,-91.34111,12.963522
scene_002838,36.887382650375365,-12.337616,12.963522
scene_005661,-3.8378370761871343,6.7033997,12.963522
scene_001876,-11.394233560562133,15.328827,12.963522
scene_005483,-3.2872847080230723,-13.463287,12.963522
scene_000956,-3.6656263828277593,-154.00754,12.963522
scene_006058,1.5104791164398188,148.8017,12.963522
scene_004784,-26.77838883399964,-58.606903,12.963522
scene_005332,-0.7132566928863531,-21.866013,12.963522
scene_004479,-11.884773111343383,50.021545,12.963522
scene_004989,-9.781715250015258,-59.20778,12.963522
scene_002790,-2.7680433750152593,-101.82298,12.963522
scene_005424,-5.512977457046509,169.31097,12.963522
scene_006999,6.150383138656616,164.77853,12.963522
scene_001352,20.490837240219115,-65.699234,12.963522
scene_001539,-16.978034830093385,-73.83691,12.963522
scene_001050,10.794853353500367,87.624695,12.963522
scene_005690,-13.147651529312135,172.01562,12.963522
scene_005204,18.445182943344115,-85.22572,12.963522
scene_006788,21.962455892562865,5.3614655,12.963522
scene_005318,8.383903646469117,-97.39939,12.963522
scene_000633,12.433464193344117,169.40805,12.963522
scene_005408,-15.109809732437135,-138.14679,12.963522
scene_000030,-9.959144449234008,-52.037148,12.963522
scene_004959,-9.901740884780883,-12.727814,12.963522
scene_000785,8.456962728500367,166.89435,12.963522
scene_005939,-4.020484781265259,-56.55986,12.963522
scene_007232,20.783073568344115,-172.39398,12.963522
scene_000643,-6.186164712905885,-138.5825,12.963522
scene_006987,37.179618978500365,-148.46207,12.963522
scene_002701,7.089714193344117,141.22308,12.963522
scene_004970,0.27434554100036573,-67.0939,12.963522
scene_001303,-17.437263345718385,69.74805,12.963522
scene_000288,-13.356391763687135,-102.85225,12.963522
scene_005206,-31.07843766212464,48.496094,12.963522
scene_006494,-8.012641763687133,14.941711,12.963522
scene_003921,15.637626791000368,-101.906685,12.963522
scene_004047,-48.529121255874635,-91.11479,12.963522
scene_001377,0.6853028774261469,-68.03774,12.963522
scene_000459,15.220146322250368,-3.9044952,12.963522
scene_007251,15.408012533187868,76.73291,12.963522
scene_002231,-28.36481461524964,114.8233,12.963522
scene_003780,-21.058906412124635,-169.73032,12.963522
scene_001665,22.129448080062865,132.1424,12.963522
scene_003150,-16.497932291030885,-19.347488,12.963522
scene_001764,2.0525514125823974,157.59253,12.963522
scene_002619,-20.954536294937135,26.862808,12.963522
scene_004709,9.135368490219117,-155.58022,12.963522
scene_007837,7.251487874984742,-169.42021,12.963522
scene_005947,-4.636268472671509,-176.12483,12.963522
scene_002579,18.434745931625365,-45.664917,12.963522
scene_007068,-6.12876114845276,-51.53923,12.963522
scene_002651,5.563301229476928,-130.2784,12.963522
scene_004452,-28.38568863868714,75.576935,12.963522
scene_004171,0.17291083335876417,-97.23068,12.963522
scene_005603,-4.758903360366822,-62.24022,12.963522
scene_004637,28.85088362693787,41.3293,12.963522
scene_001395,1.2247659206390378,-42.086838,12.963522
scene_001973,-18.794074869155885,-104.384445,12.963522
scene_005006,6.270408773422241,-99.207275,12.963522
scene_006692,-23.271552896499635,41.20645,12.963522
scene_007096,6.317375326156616,21.863785,12.963522
scene_006344,-31.49591813087464,-3.0620728,12.963522
scene_002751,20.115104818344115,-152.34837,12.963522
scene_004116,6.959251546859742,157.18567,12.963522
scene_001659,-2.9924391269683848,-9.29985,12.963522
scene_007988,24.801323080062865,165.79877,12.963522
scene_006207,3.9351274013519286,-8.945419,12.963522
scene_004588,13.351921224594118,-59.632355,12.963522
scene_003353,3.3115159511566157,157.83594,12.963522
scene_004193,20.250785970687865,114.49368,12.963522
scene_002051,39.830619955062865,-10.398117,12.963522
scene_005224,9.558067464828492,-73.608505,12.963522
scene_004030,13.999015951156618,-117.25762,12.963522
scene_007775,3.220192098617553,21.409302,12.963522
scene_001897,-2.598441934585572,40.100082,12.963522
scene_000218,-15.193305826187135,-78.58085,12.963522
scene_002446,1.6937791347503657,105.87985,12.963522
scene_002529,-1.1816175937652593,105.25537,12.963522
scene_001492,-9.306831216812133,-135.03366,12.963522
scene_007446,11.107963705062867,-103.56858,12.963522
scene_005461,23.381889486312865,46.72229,12.963522
scene_004940,25.427543783187865,-150.89294,12.963522
scene_003162,21.649345541000365,-174.96849,12.963522
scene_001885,-2.374046182632447,-75.17241,12.963522
scene_005059,-5.032874917984009,-103.937485,12.963522
scene_001350,-15.756904458999633,9.1957245,12.963522
scene_001136,12.224723958969117,-77.549805,12.963522
scene_007452,-11.999580240249633,115.29739,12.963522
scene_002445,30.20769515037537,-179.8558,12.963522
scene_000322,8.968376302719117,176.02216,12.963522
scene_000909,15.595878744125368,15.036438,12.963522
scene_006230,-3.1307295322418223,-46.14952,12.963522
scene_003728,-5.445136880874634,-26.73471,12.963522
scene_006114,3.9507829189300536,138.74225,12.963522
scene_007203,20.323845052719115,161.63794,12.963522
scene_002187,-9.181587076187133,107.58783,12.963522
scene_002993,-16.539680337905885,155.4484,12.963522
scene_000209,-11.143745279312133,173.19916,12.963522
scene_004068,5.662452840805053,118.41028,12.963522
scene_007651,18.841789388656615,140.54294,12.963522
scene_000867,3.796836996078491,-46.850388,12.963522
scene_003730,-30.70270524024964,-43.216354,12.963522
scene_006071,20.428215169906615,95.47113,12.963522
scene_006127,7.277580404281617,-161.57109,12.963522
scene_006768,-11.039375162124633,5.074188,12.963522
scene_000192,13.779838705062868,170.81458,12.963522
scene_007659,20.605644369125365,142.51294,12.963522
scene_004151,47.992363119125365,-112.984,12.963522
scene_000056,1.081257009506225,6.4721375,12.963522
scene_001017,33.464042806625365,-84.543434,12.963522
scene_003429,4.021232748031617,-3.0988922,12.963522
scene_005255,12.162101888656617,-61.036285,12.963522
scene_007539,-6.175727701187135,140.04465,12.963522
scene_001450,-9.150276041030883,118.5329,12.963522
scene_005004,37.847587728500365,-5.3490753,12.963522
scene_005393,-15.965644693374633,168.17859,12.963522
scene_003421,15.815055990219118,-86.16336,12.963522
scene_002674,29.47710433006287,155.44318,12.963522
scene_001745,-23.396797037124635,104.807495,12.963522
scene_002990,-9.505134439468383,-175.49196,12.963522
scene_005805,-18.814948892593385,-134.56738,12.963522
scene_002438,7.940330648422242,-28.768585,12.963522
scene_000163,-16.508369302749635,166.32388,12.963522
scene_004651,6.254753255844116,37.93405,12.963522
scene_001601,10.784416341781617,34.48848,12.963522
scene_001582,-19.482917642593385,17.27626,12.963522
scene_006252,21.691093587875365,-138.26642,12.963522
scene_003055,9.260612630844117,178.50577,12.963522
scene_004503,8.180381917953492,59.404037,12.963522
scene_006214,18.486930990219115,-98.1336,12.963522
scene_005458,2.4517671108245844,-125.06423,12.963522
scene_005386,11.274955892562867,-97.61934,12.963522
scene_001595,22.463432455062865,-19.943802,12.963522
scene_002348,14.917472982406618,-35.331238,12.963522
scene_002123,24.571708822250365,11.7183075,12.963522
scene_006104,-18.428779458999635,152.81958,12.963522
scene_001706,15.293205404281618,67.553955,12.963522
scene_007222,24.822197103500365,-116.76431,12.963522
scene_002241,10.638298177719117,-178.15778,12.963522
scene_003274,10.753105306625367,-54.42771,12.963522
scene_002492,40.707328939437865,-175.72774,12.963522
scene_005629,35.906303548812865,168.58801,12.963522
scene_007805,18.288627767562865,-18.370087,12.963522
scene_007160,-4.891975259780884,-175.0146,12.963522
scene_000911,-10.381843423843383,30.93811,12.963522
scene_001605,-2.158782815933228,11.379608,12.963522
scene_007094,25.76152815818787,-126.54999,12.963522
scene_007125,8.665702962875367,-167.3283,12.963522
scene_002709,18.570427083969115,-164.19492,12.963522
scene_007109,4.274330282211304,-100.22063,12.963522
scene_004544,5.124946737289428,75.38507,12.963522
scene_005083,-25.52594742774964,-169.39943,12.963522
scene_000535,19.937675619125365,-172.79189,12.963522
scene_000183,-6.73410782814026,70.56482,12.963522
scene_007803,33.150932455062865,167.32251,12.963522
scene_004029,-12.719734048843385,-178.05583,12.963522
scene_006470,-12.573615884780885,-107.697914,12.963522
scene_007740,-9.802589273452758,-143.85287,12.963522
scene_007432,13.925956869125368,-171.16582,12.963522
scene_005014,-17.771247720718385,165.79358,12.963522
scene_002309,34.507743978500365,143.09937,12.963522
scene_005431,12.673515462875367,-38.946945,12.963522
scene_002011,-12.521430826187135,98.134,12.963522
scene_006158,-6.92197403907776,162.89331,12.963522
scene_005407,18.006828451156615,-161.54431,12.963522
scene_007810,-8.957191324234008,174.49036,12.963522
scene_006975,-15.537727212905885,177.61847,12.963522
scene_007459,6.813133382797242,130.99893,12.963522
scene_005776,-1.9643934726715093,-144.24835,12.963522
scene_002343,-8.195289468765258,9.261078,12.963522
scene_005063,1.8190232753753657,141.98163,12.963522
scene_000824,-17.844306802749635,118.517456,12.963522
scene_001958,0.9158956050872797,-9.643982,12.963522
scene_000012,11.316703939437867,128.97998,12.963522
scene_003457,3.7733537197113036,-9.070236,12.963522
scene_004682,32.08635725975037,140.42194,12.963522
scene_006321,12.850944662094117,48.391693,12.963522
scene_004610,-31.788154458999635,-116.473816,12.963522
scene_006967,-10.517524576187133,-111.3233,12.963522
scene_002055,27.76543440818787,119.85196,12.963522
scene_002977,41.458793783187865,-72.78468,12.963522
scene_000102,-0.3747061252593999,142.89655,12.963522
scene_006007,6.891410970687867,-168.67625,12.963522
scene_000746,1.4498139858245844,-177.60634,12.963522
scene_003812,28.70476546287537,-142.7621,12.963522
scene_005522,0.5102383136749262,137.79672,12.963522
scene_004237,4.822273397445678,-26.196579,12.963522
scene_005657,3.361091756820678,64.458374,12.963522
scene_005604,-2.3075102329254156,119.87204,12.963522
scene_003394,24.028984212875365,-150.60347,12.963522
scene_006757,19.363639974594115,-165.33815,12.963522
scene_000794,-16.696235513687135,150.15155,12.963522
scene_003995,-3.0994184970855723,-54.01686,12.963522
scene_001594,11.755058431625367,-33.143524,12.963522
scene_000125,11.953361654281617,63.884888,12.963522
scene_003872,-0.6591146945953374,-116.810684,12.963522
scene_004744,8.853569173812867,51.317307,12.963522
scene_002578,28.66301741600037,-149.61342,12.963522
scene_006718,-1.9891813755035406,-16.070343,12.963522
scene_006216,-9.014594888687133,168.0885,12.963522
scene_000989,16.31603255271912,-102.39037,12.963522
scene_002969,-21.977363443374635,5.388977,12.963522
scene_007279,10.450431966781617,26.091278,12.963522
scene_005748,19.259269857406615,79.07507,12.963522
scene_004254,-8.852821207046508,-17.121063,12.963522
scene_007830,21.158805990219115,139.41357,12.963522
scene_007351,-5.784339761734009,-2.5451965,12.963522
scene_006926,-7.250739908218385,174.21054,12.963522
scene_000229,33.568412923812865,-130.20164,12.963522
scene_003185,26.38774886131287,136.43262,12.963522
scene_007317,8.618736410140992,86.279175,12.963522
scene_001230,27.13921370506287,-64.89144,12.963522
scene_001088,-1.7765272617340093,-106.740486,12.963522
scene_000919,11.629814291000367,-58.627,12.963522
scene_000806,-0.7921865940094,83.93359,12.963522
scene_006628,15.000969076156618,-110.147194,12.963522
scene_007563,29.51885237693787,-28.179947,12.963522
scene_007316,7.919456624984742,0.09489441,12.963522
scene_001164,9.625908041000367,161.20837,12.963522
scene_005170,6.207786703109741,-59.152702,12.963522
scene_005801,4.263893270492554,173.78625,12.963522
scene_000141,14.447807455062868,140.12476,12.963522
scene_006738,-8.774543619155883,-32.917908,12.963522
scene_004249,27.99504866600037,-25.472168,12.963522
scene_007199,34.653862142562865,-118.171036,12.963522
scene_004264,39.559257650375365,49.81276,12.963522
scene_002811,12.798759603500367,151.5199,12.963522
scene_002101,39.830619955062865,122.66022,12.963522
scene_004275,-24.753608560562135,-136.22125,12.963522
scene_005362,6.729637289047242,33.0103,12.963522
scene_000741,-14.942817544937135,168.65994,12.963522
scene_002901,9.083183431625367,141.01776,12.963522
scene_001414,19.968986654281615,-171.23799,12.963522
scene_004352,4.169960165023804,93.75464,12.963522
scene_001353,-15.120246744155885,-140.3409,12.963522
scene_003139,28.18291487693787,-160.0758,12.963522
scene_007860,-9.588630533218383,115.26279,12.963522
scene_003856,-11.884773111343383,58.427856,12.963522
scene_000104,10.382591390609742,-151.96599,12.963522
scene_006715,18.643486166000365,169.83307,12.963522
scene_007255,8.843132162094117,-177.60803,12.963522
scene_003102,-31.746406412124635,-72.02444,12.963522
scene_003041,43.400077962875365,158.7038,12.963522
scene_001249,-1.3081663608551033,-124.93669,12.963522
scene_001861,12.057731771469117,-71.84334,12.963522
scene_001504,-15.381172037124635,-167.10133,12.963522
scene_005235,1.3245698451995847,67.2081,12.963522
scene_006805,-0.90699372291565,22.439926,12.963522
scene_003939,18.351249837875365,-24.313065,12.963522
scene_006882,21.190117025375365,70.59418,12.963522
scene_004287,25.82415022850037,-50.82344,12.963522
scene_004634,7.856834554672242,171.95227,12.963522
scene_003031,-3.1176832675933848,2.642334,12.963522
scene_005418,9.255394124984742,-56.693924,12.963522
scene_003190,3.006233358383178,176.01453,12.963522
scene_005645,11.984672689437867,-108.82151,12.963522
scene_007742,21.012687826156615,153.94766,12.963522
scene_003133,12.924003744125367,156.04529,12.963522
scene_003296,30.35381331443787,-167.69151,12.963522
scene_004410,-17.969550943374635,112.00342,12.963522
scene_003725,12.590019369125367,-22.298553,12.963522
scene_005576,-44.646552896499635,115.653656,12.963522
scene_006410,20.793510580062865,97.26514,12.963522
scene_000716,60.68376936912537,-29.093277,12.963522
scene_006116,8.994468832015992,-31.083038,12.963522
scene_001495,-3.845664834976197,98.71756,12.963522
scene_000792,-1.042022562026978,22.919434,12.963522
scene_005846,-4.539726114273072,168.42834,12.963522
scene_000081,-2.572349405288697,164.84888,12.963522
scene_005124,-9.348579263687133,36.95302,12.963522
scene_006369,22.630424642562865,-146.12598,12.963522
scene_002307,-22.102607583999635,-93.51529,12.963522
scene_001985,-34.480903482437135,73.11142,12.963522
scene_005934,-15.527290201187135,-167.57896,12.963522
scene_001576,-5.575599527359009,-27.49556,12.963522
scene_004261,-6.42099747657776,-109.69808,12.963522
scene_001212,20.480400228500365,-82.90939,12.963522
scene_004732,-25.40070328712464,123.64145,12.963522
scene_000103,-25.79730973243714,-140.16895,12.963522
scene_006373,18.914848470687865,155.71759,12.963522
scene_001405,42.690361166000365,165.48029,12.963522
scene_006077,18.831352376937865,11.48938,12.963522
scene_007611,3.470680379867553,-75.93558,12.963522
scene_005659,30.18682112693787,-163.5921,12.963522
scene_005374,11.661125326156617,-71.64989,12.963522
scene_005111,36.407280111312865,146.20215,12.963522
scene_007139,0.4407261848449702,-119.11224,12.963522
scene_001741,-7.986549234390259,97.22537,12.963522
scene_003557,13.915519857406618,9.958786,12.963522
scene_000866,19.342765951156615,-133.26286,12.963522
scene_003848,-27.52985367774964,164.28714,12.963522
scene_001384,-10.935005044937133,-99.09349,12.963522
scene_001920,-4.625831460952759,1.3696136,12.963522
scene_003583,-14.848884439468385,-25.286682,12.963522
scene_000891,-3.5482100009918223,-55.012444,12.963522
scene_003870,4.190834188461304,114.227234,12.963522
scene_006953,-39.261054849624635,-27.325378,12.963522
scene_003774,15.700248861312868,18.651077,12.963522
scene_000264,31.75237288475037,59.70526,12.963522
scene_006010,-7.819557046890259,22.770813,12.963522
scene_005157,27.43145003318787,158.30414,12.963522
scene_001408,3.5150376796722407,-6.398468,12.963522
scene_001001,-20.182197427749635,-66.58218,12.963522
scene_007869,36.365532064437865,156.0924,12.963522
scene_000560,34.424247884750365,-121.02849,12.963522
scene_007278,24.091606283187865,174.25455,12.963522
scene_000578,36.407280111312865,94.23462,12.963522
scene_007088,33.109184408187865,-163.95216,12.963522
scene_000790,24.300346517562865,-175.02977,12.963522
scene_003076,12.256034994125367,138.4173,12.963522
scene_002939,14.896598958969118,-136.20558,12.963522
scene_002198,13.946830892562868,-29.561386,12.963522
scene_000349,17.662407064437865,-28.780273,12.963522
scene_001410,35.238334798812865,-25.410141,12.963522
scene_005641,-18.334846353530885,-173.26466,12.963522
scene_002870,38.223320150375365,114.82663,12.963522
scene_005400,-8.915443277359008,121.74997,12.963522
scene_002412,10.330406332015992,-81.07309,12.963522
scene_005765,21.878959798812865,-162.47154,12.963522
scene_005177,-0.4732054233551031,168.16376,12.963522
scene_001039,-0.025718545913696766,-86.615295,12.963522
scene_000262,19.666313314437865,159.41281,12.963522
scene_004690,40.101982259750365,157.8097,12.963522
scene_001546,9.620689535140992,176.94754,12.963522
scene_006409,22.713920736312865,-58.62961,12.963522
scene_004787,-0.8065374851226812,14.131393,12.963522
scene_000352,-9.912177896499633,-69.8324,12.963522
scene_000467,-31.934272623062135,27.693283,12.963522
scene_002526,-16.884101724624635,171.19647,12.963522
scene_007458,33.213554525375365,110.916016,12.963522
scene_000176,-15.036750650405885,-38.441635,12.963522
scene_002966,27.78630843162537,51.19307,12.963522
scene_004884,17.349296712875365,20.481674,12.963522
scene_007263,-0.09258065223693901,91.43155,12.963522
scene_001033,37.764091634750365,92.084015,12.963522
scene_006047,16.24297347068787,155.46036,12.963522
scene_002183,30.24944319725037,-84.41334,12.963522
scene_006831,32.23247542381287,-105.21409,12.963522
scene_004827,-4.049186563491822,-34.424805,12.963522
scene_007971,8.712669515609742,25.631302,12.963522
scene_004824,15.063591146469118,-123.44116,12.963522
scene_002636,19.311454916000365,127.65637,12.963522
scene_002293,64.02361311912537,149.50433,12.963522
scene_005122,31.62712874412537,109.74457,12.963522
scene_004367,-13.001533365249635,111.57272,12.963522
scene_007296,-5.763465738296509,87.20151,12.963522
scene_004302,15.741996908187868,166.4159,12.963522
scene_007934,19.259269857406615,152.09149,12.963522
scene_004218,0.4225837230682368,-98.04773,12.963522
scene_000119,15.428886556625368,-80.021484,12.963522
scene_004991,37.200493001937865,-120.5759,12.963522
scene_005448,17.109245443344115,-13.242432,12.963522
scene_000556,20.762199544906615,101.01779,12.963522
scene_002274,-12.448371744155885,-17.568832,12.963522
scene_004381,-13.377265787124635,-62.941803,12.963522
scene_001034,25.239677572250365,-167.27374,12.963522
scene_002657,23.340141439437865,-101.31333,12.963522
scene_000879,7.147117757797242,-29.170105,12.963522
scene_004353,-5.523414468765259,146.1547,12.963522
scene_004080,33.338798666000365,-146.84357,12.963522
scene_007081,28.74651350975037,-54.426514,12.963522
scene_004135,12.015983724594117,-63.56346,12.963522
scene_000793,7.418480062484742,165.87515,12.963522
scene_002817,-16.957160806655885,-65.984886,12.963522
scene_001040,22.004203939437865,138.67963,12.963522
scene_000788,2.2599870204925536,146.15262,12.963522
scene_004236,-9.703437662124633,154.19498,12.963522
scene_002778,-27.15412125587464,140.3688,12.963522
scene_007941,23.381889486312865,-92.913475,12.963522
scene_006803,37.304863119125365,149.20203,12.963522
scene_000374,17.850273275375365,8.480972,12.963522
scene_007896,47.073906087875365,-131.73369,12.963522
scene_002021,8.530021810531617,-13.412643,12.963522
scene_005940,21.430168294906615,-158.61624,12.963522
scene_003977,6.849662923812867,163.72214,12.963522
scene_004155,22.818290853500365,44.73871,12.963522
scene_006530,-4.612785196304322,170.082,12.963522
scene_000205,-21.058906412124635,51.16931,12.963522
scene_006501,-18.825385904312135,174.41815,12.963522
scene_000754,-8.696266031265258,106.94913,12.963522
scene_002210,1.3500100612640378,179.1214,12.963522
scene_001784,-2.770652627944947,86.67453,12.963522
scene_005511,13.195366048812868,49.914734,12.963522
scene_007423,-5.596473550796509,89.16177,12.963522
scene_000661,10.549583578109742,-57.200394,12.963522
scene_001855,25.114433431625365,-30.177979,12.963522
scene_002122,-19.044563150405885,-141.27605,12.963522
scene_003879,-4.362296915054322,117.70618,12.963522
scene_002712,10.513054037094117,104.07059,12.963522
scene_004126,-30.18085465431214,178.80762,12.963522
scene_001068,-7.965675210952759,-104.72383,12.963522
scene_007948,9.229301595687867,155.78308,12.963522
scene_007150,3.854240560531616,-81.60162,12.963522
scene_000818,9.631126546859742,163.23871,12.963522
scene_001066,8.571769857406617,-176.94206,12.963522
scene_002828,-24.98322281837464,144.1312,12.963522
scene_000600,8.796165609359742,164.1222,12.963522
scene_003303,14.103386068344118,169.4997,12.963522
scene_006804,1.0832139492034907,-177.50133,12.963522
scene_000835,12.078605794906617,40.52156,12.963522
scene_003824,-1.9200361728668218,158.83054,12.963522
scene_004111,8.441307210922242,-146.86934,12.963522
scene_002081,-19.138496255874635,161.51721,12.963522
scene_001931,34.319877767562865,-116.743324,12.963522
scene_004097,-0.8763350009918218,105.18176,12.963522
scene_001906,14.907035970687868,-172.04745,12.963522
scene_006550,-4.777168130874634,35.176636,12.963522
scene_002984,-7.584724283218385,161.38434,12.963522
scene_003485,-6.801948404312135,13.391266,12.963522
scene_000335,-0.9317816257476812,156.94049,12.963522
scene_004399,2.845764303207397,5.9491577,12.963522
scene_004799,-12.751045083999635,53.055984,12.963522
scene_003450,-21.789497232437135,8.686584,12.963522
scene_000775,-0.651286935806275,-103.49737,12.963522
scene_001199,17.547599935531615,56.610092,12.963522
scene_003731,-12.135261392593383,117.55063,12.963522
scene_000546,5.563301229476928,-175.22554,12.963522
scene_007589,25.239677572250365,-84.74622,12.963522
scene_000162,40.081108236312865,27.780258,12.963522
scene_003994,14.917472982406618,4.70549,12.963522
scene_001823,-8.043952798843383,-178.88861,12.963522
scene_001615,14.499992513656618,-56.49668,12.963522
scene_004788,10.998375082015992,-8.378708,12.963522
scene_005057,-16.758857583999635,145.18399,12.963522
scene_007253,24.509086751937865,-169.59341,12.963522
scene_004131,-2.8880690097808848,169.97412,12.963522
scene_006785,31.31401839256287,162.07257,12.963522
scene_000776,21.878959798812865,-110.76217,12.963522
scene_003305,19.154899740219115,-51.911865,12.963522
scene_004921,12.068168783187867,77.232086,12.963522
scene_006124,24.780449056625365,-110.68579,12.963522
scene_000415,19.864616537094115,164.35175,12.963522
scene_001478,17.276237630844115,133.49219,12.963522
scene_003805,24.968315267562865,139.85574,12.963522
scene_003608,-30.86969742774964,-93.4326,12.963522
scene_003707,38.515556478500365,-163.00891,12.963522
scene_006092,-25.50507340431214,-38.213135,12.963522
scene_000049,9.229301595687867,137.42773,12.963522
scene_004669,0.6298562526702876,-144.45367,12.963522
scene_004837,-25.56769547462464,42.93013,12.963522
scene_000916,-8.315315103530883,-30.51886,12.963522
scene_007597,20.355156087875365,106.55951,12.963522
scene_004181,24.446464681625365,165.76636,12.963522
scene_000604,17.610222005844115,-103.67342,12.963522
scene_002834,15.929863119125368,-104.63577,12.963522
scene_000432,-27.36286149024964,34.766846,12.963522
scene_001997,41.792778158187865,-151.92262,12.963522
scene_004867,13.654594564437868,100.20532,12.963522
scene_003541,4.623970174789428,-80.514946,12.963522
scene_003573,6.463493490219116,-52.043945,12.963522
scene_006110,18.455619955062865,128.91107,12.963522
scene_003806,5.323249959945678,72.21048,12.963522
scene_004712,-13.481635904312135,-121.66907,12.963522
scene_002603,15.815055990219118,-0.5090332,12.963522
scene_000129,15.606315755844118,-48.717606,12.963522
scene_002201,5.779869222640991,76.20532,12.963522
scene_002127,27.34795393943787,-100.83603,12.963522
scene_005412,-4.951988077163697,-146.95702,12.963522
scene_005980,2.5861436367034907,-157.9791,12.963522
scene_006359,22.880912923812865,110.39621,12.963522
scene_006580,27.18096175193787,36.75438,12.963522
scene_006063,6.745292806625367,138.84387,12.963522
scene_007288,49.244804525375365,144.9057,12.963522
scene_001708,49.662284994125365,-63.03575,12.963522
scene_007400,1.0202657222747797,-116.89925,12.963522
scene_003292,32.921318197250365,-159.62518,12.963522
scene_000315,-9.463386392593383,-38.308,12.963522
scene_007778,42.272880697250365,144.48431,12.963522
scene_001896,41.980644369125365,-148.63142,12.963522
scene_003784,32.649955892562865,171.02264,12.963522
scene_002922,28.64214339256287,-100.076035,12.963522
scene_004046,8.503929281234742,-76.72595,12.963522
scene_003244,35.363578939437865,80.33923,12.963522
scene_006775,16.942253255844115,-138.37164,12.963522
scene_002419,-7.61081681251526,78.16446,12.963522
scene_001525,3.989921712875366,-57.942047,12.963522
scene_001452,0.1696492671966548,134.3341,12.963522
scene_004442,2.974922323226928,-95.91037,12.963522
scene_002543,-4.743247842788697,-175.50432,12.963522
scene_002502,8.102104330062867,-138.27797,12.963522
scene_001767,11.483696126937867,-0.58662415,12.963522
scene_005938,-24.732734537124635,33.44519,12.963522
scene_007491,-4.581474161148072,62.872803,12.963522
scene_006048,-8.863258218765258,-111.50955,12.963522
scene_000567,30.22856917381287,77.48688,12.963522
scene_006396,6.004264974594116,79.226654,12.963522
scene_000831,6.557426595687866,20.983154,12.963522
scene_000045,-1.5156019687652595,146.2384,12.963522
scene_006520,18.904411458969115,-154.399,12.963522
scene_007989,29.49797835350037,-21.425491,12.963522
scene_001334,21.002250814437865,-135.24474,12.963522
scene_004500,44.861259603500365,-140.10426,12.963522
scene_000146,-14.400092935562135,-134.1286,12.963522
scene_002318,4.764869832992553,155.26788,12.963522
scene_005633,14.395622396469118,-90.26327,12.963522
scene_006617,29.28923811912537,92.82825,12.963522
scene_003376,30.33293929100037,-174.66061,12.963522
scene_001678,1.499389791488647,10.405502,12.963522
scene_000539,10.747886800765992,143.3847,12.963522
scene_001599,11.222770833969117,22.163467,12.963522
scene_004096,46.322441244125365,63.613983,12.963522
scene_000678,4.224754476547242,-145.83437,12.963522
scene_001412,24.780449056625365,23.946716,12.963522
scene_003236,15.387138509750368,6.7272034,12.963522
scene_007342,-5.392951822280884,-152.90056,12.963522
scene_001832,4.094291830062867,-110.92509,12.963522
scene_000783,-3.0159224033355723,-32.839233,12.963522
scene_003204,-25.85993180274964,-158.31264,12.963522
scene_006802,-6.822822427749635,171.6036,12.963522
scene_005308,34.382499837875365,165.80573,12.963522
scene_004722,18.079887533187865,-39.95337,12.963522
scene_003474,-0.44646058082580625,-113.390175,12.963522
scene_005098,24.613456869125365,-69.37371,12.963522
scene_006186,-15.109809732437135,-178.92128,12.963522
scene_003808,10.716575765609742,129.20639,12.963522
scene_006043,15.126213216781618,5.0558777,12.963522
scene_001327,-21.977363443374635,164.97687,12.963522
scene_002477,26.15813460350037,131.69385,12.963522
scene_002944,32.02373518943787,-73.02789,12.963522
scene_007071,-15.913459634780883,-108.16641,12.963522
scene_000848,-16.936286783218385,-171.02133,12.963522
scene_003582,13.090995931625368,-108.506714,12.963522
scene_000772,3.1653977870941157,-172.96179,12.963522
scene_004244,12.579582357406617,72.29994,12.963522
scene_007198,33.902397298812865,2.3383331,12.963522
scene_005364,-27.78034195899964,135.4924,12.963522
scene_002340,-19.639472818374635,-178.93744,12.963522
scene_002789,19.415825033187865,130.98016,12.963522
scene_001170,10.413902425765992,41.50081,12.963522
scene_004842,25.74065413475037,44.991623,12.963522
scene_002286,8.618736410140992,3.4674835,12.963522
scene_000058,-33.311958169937135,15.323105,12.963522
scene_007909,-4.524070596694947,75.237915,12.963522
scene_005791,18.893974447250365,-149.82407,12.963522
scene_000895,11.170585775375367,-2.730301,12.963522
scene_002736,31.20964827537537,22.545181,12.963522
scene_006423,3.760307455062866,-123.52441,12.963522
scene_001075,21.409294271469115,-74.70741,12.963522
scene_003408,19.468010091781615,68.962585,12.963522
scene_004658,-2.3714369297027593,-21.632751,12.963522
scene_007851,7.214958333969117,-75.38262,12.963522
scene_001028,-11.769965982437133,-71.85698,12.963522
scene_002041,6.061668539047241,79.068054,12.963522
scene_004642,-7.19333634376526,-4.6243896,12.963522
scene_006135,-18.470527505874635,-7.0708923,12.963522
scene_004852,32.816948080062865,-75.701225,12.963522
scene_005655,5.098854207992553,-115.82592,12.963522
scene_003276,23.820243978500365,-156.9829,12.963522
scene_001756,-0.9389570713043218,119.1698,12.963522
scene_003471,2.788360738754272,152.97424,12.963522
scene_004480,24.863945150375365,143.444,12.963522
scene_005666,-6.98459610939026,-172.04993,12.963522
scene_004953,8.373466634750367,153.30884,12.963522
scene_007767,12.715263509750367,29.48883,12.963522
scene_007521,-2.681938028335572,-67.70466,12.963522
scene_003247,6.787040853500367,156.94849,12.963522
scene_001992,-34.021674966812135,-164.44762,12.963522
scene_004532,43.567070150375365,-167.51064,12.963522
scene_000164,4.908378744125366,146.44263,12.963522
scene_004622,-6.478401041030885,-177.44743,12.963522
scene_001124,25.86589827537537,133.4931,12.963522
scene_000310,-0.7569616794586187,98.66174,12.963522
scene_007236,17.276237630844115,-72.86106,12.963522
scene_003694,11.577629232406617,-21.144806,12.963522
scene_000689,9.041435384750367,-4.4330597,12.963522
scene_005380,13.769401693344118,-70.45661,12.963522
scene_003577,-14.420966958999635,-43.962585,12.963522
scene_005476,35.614067220687865,-166.50284,12.963522
scene_001879,-10.653205728530883,62.698532,12.963522
scene_005611,-9.489478921890258,-110.890045,12.963522
scene_003459,2.1451798915863036,-91.02525,12.963522
scene_003716,-9.301612710952758,-39.397354,12.963522
scene_007687,-24.085639810562135,85.42584,12.963522
scene_001905,15.251457357406618,-157.348,12.963522
scene_004561,20.856132650375365,-105.89901,12.963522
scene_007812,10.340843343734742,-154.62926,12.963522
scene_007663,25.74065413475037,137.01611,12.963522
scene_006601,11.922050619125367,159.6695,12.963522
scene_000158,16.848320150375365,147.3302,12.963522
scene_002517,-10.089607095718383,80.92508,12.963522
scene_001928,-0.724346017837525,-82.761475,12.963522
scene_006305,24.321220541000365,-53.5801,12.963522
scene_004512,22.212944173812865,-86.15935,12.963522
scene_001266,-19.733405923843385,23.846191,12.963522
scene_006138,-0.3433950901031499,-67.67068,12.963522
scene_005342,-5.799995279312134,19.853424,12.963522
scene_001120,26.07463850975037,177.52881,12.963522
scene_006835,21.012687826156615,-167.01952,12.963522
scene_005719,-3.4516676425933848,18.80574,12.963522
scene_004786,-16.456184244155885,-145.06644,12.963522
scene_004853,-1.7686995029449468,10.867233,12.963522
scene_003143,4.490898275375366,-105.54521,12.963522
scene_006939,-15.141120767593385,109.72864,12.963522
scene_007964,-13.105903482437135,17.7453,12.963522
scene_002001,-23.334174966812135,49.040314,12.963522
scene_004528,-10.465339517593383,163.76508,12.963522
scene_002031,-7.052436685562135,30.053787,12.963522
scene_007380,8.603080892562867,154.69666,12.963522
scene_001584,38.139824056625365,43.443436,12.963522
scene_004598,27.16008772850037,31.927536,12.963522
scene_004633,22.630424642562865,-24.03357,12.963522
scene_000371,-5.372077798843384,89.08206,12.963522
scene_003820,25.71978011131287,119.790375,12.963522
scene_000767,44.235038900375365,-53.121506,12.963522
scene_003809,19.165336751937865,-148.7076,12.963522
scene_006626,39.100029134750365,-74.60883,12.963522
scene_000596,24.008110189437865,166.73297,12.963522
scene_006974,14.385185384750368,156.57349,12.963522
scene_004534,8.409996175765992,-65.519646,12.963522
scene_001781,26.36687483787537,-156.75264,12.963522
scene_003085,12.391716146469117,46.988525,12.963522
scene_002559,-18.376594400405885,-148.67955,12.963522
scene_001991,-23.647285318374635,-96.38607,12.963522
scene_006004,5.646797323226928,-38.709457,12.963522
scene_005285,-8.920661783218383,74.38742,12.963522
scene_006712,-9.823463296890258,-73.40891,12.963522
scene_003866,-14.149604654312135,-104.04842,12.963522
scene_003602,26.67998518943787,23.293488,12.963522
scene_001200,11.107963705062867,115.86255,12.963522
scene_006801,-26.36090836524964,-64.4875,12.963522
scene_005051,18.747856283187865,-76.757774,12.963522
scene_007343,19.843742513656615,-28.380417,12.963522
scene_007905,9.072746419906617,-172.45071,12.963522
scene_004647,30.01982893943787,173.37091,12.963522
scene_001938,-22.415717935562135,-69.95192,12.963522
scene_005396,49.662284994125365,100.86517,12.963522
scene_004160,-18.804511880874635,-51.747986,12.963522
scene_007504,26.95134749412537,26.100616,12.963522
scene_007189,20.062919759750365,-101.48517,12.963522
scene_006636,23.757621908187865,177.59863,12.963522
scene_000955,13.435417318344118,113.80948,12.963522
scene_000628,4.796180868148803,120.25418,12.963522
scene_000582,22.463432455062865,-127.662094,12.963522
scene_006963,37.346611166000365,166.07959,12.963522
scene_002710,18.883537435531615,79.89783,12.963522
scene_006394,22.734794759750365,163.69202,12.963522
scene_000986,37.513603353500365,115.52432,12.963522
scene_001924,9.349327230453492,5.892441,12.963522
scene_005202,7.674186849594117,140.80988,12.963522
scene_007242,-8.847602701187133,81.32211,12.963522
scene_006845,8.373466634750367,118.193146,12.963522
scene_006480,-29.61725602149964,-25.481659,12.963522
scene_000617,13.153618001937868,153.61597,12.963522
scene_005365,-15.746467447280883,74.45834,12.963522
scene_005928,13.758964681625368,-85.98216,12.963522
scene_003546,26.26250472068787,-0.0741272,12.963522
scene_000138,18.132072591781615,162.60303,12.963522
scene_003528,25.177055501937865,167.42844,12.963522
scene_007037,24.070732259750365,124.43097,12.963522
scene_003723,-11.425544595718383,0.28507996,12.963522
scene_003915,25.86589827537537,-163.80748,12.963522
scene_001972,-21.351142740249635,124.41687,12.963522
scene_001010,37.346611166000365,73.89499,12.963522
scene_004313,2.762268209457397,-139.85352,12.963522
scene_007624,-21.434638833999635,-154.08846,12.963522
scene_003626,15.053154134750368,-101.00318,12.963522
scene_003660,16.869194173812865,-178.47845,12.963522
scene_003336,18.539116048812865,-52.349625,12.963522
scene_001780,11.040123128890992,-149.21043,12.963522
scene_006756,-4.150947427749634,-116.09384,12.963522
scene_007621,18.998344564437865,147.38367,12.963522
scene_002153,-1.1529158115386968,161.2724,12.963522
scene_005323,-8.748451089859008,103.62662,12.963522
scene_002282,-8.993720865249633,166.60165,12.963522
scene_007294,-17.614692544937135,113.41681,12.963522
scene_005612,-12.239631509780883,111.27054,12.963522
scene_005598,30.04070296287537,-102.36176,12.963522
scene_003668,28.91350569725037,-168.44295,12.963522
scene_002012,9.411949300765992,165.52112,12.963522
scene_002342,-9.703437662124633,-158.55226,12.963522
scene_004448,6.593956136703491,157.39584,12.963522
scene_005804,3.303688192367553,-113.58232,12.963522
scene_005267,-0.6454161167144781,61.70392,12.963522
scene_006612,19.770683431625365,-71.50599,12.963522
scene_001460,11.348014974594117,-158.76938,12.963522
scene_004839,3.141914510726928,146.34323,12.963522
scene_005856,10.267784261703492,147.92953,12.963522
scene_000109,37.868461751937865,121.925964,12.963522
scene_005234,18.643486166000365,147.98978,12.963522
scene_002062,0.31348433494567823,-49.03206,12.963522
scene_000087,-19.086311197280885,30.94217,12.963522
scene_007169,-23.522041177749635,32.161835,12.963522
scene_003506,2.929260396957397,-131.31525,12.963522
scene_001554,9.610252523422242,-96.25289,12.963522
scene_000003,12.433464193344117,166.91382,12.963522
scene_004604,-11.435981607437133,-147.71317,12.963522
scene_003996,4.558738851547241,-155.32469,12.963522
scene_005922,33.860649251937865,158.64679,12.963522
scene_001241,-0.7739218235015874,41.142487,12.963522
scene_001253,22.567802572250365,107.84711,12.963522
scene_004210,-19.347236490249635,-72.26069,12.963522
scene_002224,-8.216163492202758,-93.926865,12.963522
scene_001935,18.539116048812865,98.404724,12.963522
scene_003880,-9.724311685562133,-93.20574,12.963522
scene_007214,31.77324690818787,-147.2005,12.963522
scene_004187,1.3976289272308344,140.805,12.963522
scene_001587,-10.507087564468383,-22.842438,12.963522
scene_000766,-4.625831460952759,-118.27218,12.963522
scene_006203,12.944877767562867,11.943985,12.963522
scene_005577,-13.878242349624635,160.98517,12.963522
scene_000118,-26.46527848243714,39.301147,12.963522
scene_002742,-34.731391763687135,-124.547615,12.963522
scene_005471,18.998344564437865,-1.074295,12.963522
scene_001699,32.649955892562865,-109.57613,12.963522
scene_001687,-9.306831216812133,47.95079,12.963522
scene_005839,23.110527181625365,-66.24819,12.963522
scene_000116,-24.816230630874635,140.60016,12.963522
scene_002862,-9.468604898452758,174.08575,12.963522
scene_000700,5.422401571273803,-55.791695,12.963522
scene_004613,7.246269369125367,-168.25572,12.963522
scene_000908,-37.465888833999635,83.86337,12.963522
scene_007482,-2.8045729160308843,-120.38134,12.963522
scene_001394,35.071342611312865,-160.78757,12.963522
scene_006900,11.348014974594117,-89.09819,12.963522
scene_002798,-0.5827940464019781,149.23785,12.963522
scene_006577,25.552787923812865,26.868668,12.963522
scene_006922,8.780510091781617,-176.97981,12.963522
scene_001393,2.781837606430053,-81.66111,12.963522
scene_002269,-24.440498208999635,149.85583,12.963522
scene_001912,5.811180257797241,94.41458,12.963522
scene_005837,-2.8828505039215098,172.24084,12.963522
scene_000369,-16.539680337905885,-169.75467,12.963522
scene_000606,12.736137533187867,154.70264,12.963522
scene_005981,-11.101997232437133,103.81024,12.963522
scene_005683,-16.978034830093385,159.14444,12.963522
scene_004517,16.806572103500365,-65.61077,12.963522
scene_007728,4.905769491195678,-72.59474,12.963522
scene_003358,19.238395833969115,143.42715,12.963522
scene_005217,4.042106771469117,125.27948,12.963522
scene_003765,29.12224593162537,-91.86178,12.963522
scene_006606,15.773307943344118,137.3699,12.963522
scene_007218,26.51299300193787,162.79541,12.963522
scene_004849,-18.042610025405885,122.26056,12.963522
scene_003816,14.019889974594118,101.440735,12.963522
scene_003036,8.112541341781617,168.52936,12.963522
scene_001953,-22.290473794937135,-47.88507,12.963522
scene_001716,14.166008138656618,-178.51796,12.963522
scene_003238,40.749076986312865,70.99507,12.963522
scene_000502,2.496124410629272,-37.095993,12.963522
scene_001898,11.128837728500367,-100.27052,12.963522
scene_001739,21.586723470687865,-131.98972,12.963522
scene_004482,-16.205695962905885,147.65063,12.963522
scene_002964,2.1986695766448974,-59.151917,12.963522
scene_001821,32.545585775375365,41.217606,12.963522
scene_000518,37.200493001937865,95.60211,12.963522
scene_000704,-6.28531632423401,142.15277,12.963522
scene_005283,16.483024740219115,60.744873,12.963522
scene_000388,17.004875326156615,70.251495,12.963522
scene_003149,-20.077827310562135,88.303375,12.963522
scene_002434,28.91350569725037,152.28162,12.963522
scene_001996,31.29314436912537,172.60638,12.963522
scene_003007,13.946830892562868,-52.68184,12.963522
scene_005432,-11.394233560562133,-103.40724,12.963522
scene_005670,-44.229072427749635,-22.241196,12.963522
scene_003650,40.122856283187865,-171.59067,12.963522
scene_001163,7.622001791000367,140.36517,12.963522
scene_006536,-12.782356119155885,-43.073273,12.963522
scene_006088,-20.505744791030885,-122.96923,12.963522
scene_006221,19.864616537094115,-70.61732,12.963522
scene_001884,-30.36872086524964,35.458023,12.963522
scene_003714,6.818351888656617,152.84384,12.963522
scene_005192,27.89067854881287,-108.73008,12.963522
scene_002815,10.053825521469117,56.05893,12.963522
scene_001725,6.249534749984741,-68.315285,12.963522
scene_003945,-32.205634927749635,73.93439,12.963522
scene_002889,14.760917806625368,80.095245,12.963522
scene_000299,-7.36032853126526,46.46814,12.963522
scene_000859,14.708732748031618,30.305893,12.963522
scene_005490,5.988609457015991,-97.71474,12.963522
scene_002178,19.843742513656615,124.806274,12.963522
scene_004484,-15.694282388687133,58.536057,12.963522
scene_000769,-25.77643570899964,-64.10853,12.963522
scene_003949,27.22270979881287,165.10767,12.963522
scene_000405,-13.419013833999635,-60.034134,12.963522
scene_007660,42.126762533187865,-5.17218,12.963522
scene_001166,-15.203742837905885,-157.70161,12.963522
scene_005599,-6.45230851173401,101.1944,12.963522
scene_003402,-21.142402505874635,-170.70638,12.963522
scene_005188,6.061668539047241,-137.8453,12.963522
scene_002547,-3.9996107578277593,68.7182,12.963522
scene_007762,17.359733724594115,84.1275,12.963522
scene_005570,15.898552083969118,-65.2794,12.963522
scene_002097,-5.439918375015259,-54.772797,12.963522
scene_001250,-20.557929849624635,-2.3097992,12.963522
scene_007486,18.486930990219115,99.88406,12.963522
scene_003686,-27.09149918556214,110.81781,12.963522
scene_006591,-21.330268716812135,28.60382,12.963522
scene_007960,16.639579916000365,-23.472137,12.963522
scene_002881,23.653251791000365,-100.531,12.963522
scene_003908,-10.371406412124633,-81.70592,12.963522
scene_007723,12.704826498031617,-27.653519,12.963522
scene_006141,3.828148031234741,13.684143,12.963522
scene_006726,-0.640849924087525,-67.13763,12.963522
scene_003722,29.28923811912537,-33.14868,12.963522
scene_003886,20.177726888656615,170.93756,12.963522
scene_000424,9.584159994125367,-47.478546,12.963522
scene_002770,-8.195289468765258,-82.73423,12.963522
scene_007670,33.359672689437865,-7.197052,12.963522
scene_001600,8.216911458969117,-39.22232,12.963522
scene_006184,3.0101472377777094,170.12231,12.963522
scene_006868,23.381889486312865,132.67596,12.963522
scene_002932,12.746574544906617,134.85327,12.963522
scene_004818,18.246879720687865,-76.87207,12.963522
scene_006238,-23.313300943374635,170.06226,12.963522
scene_002660,-0.12258706092834526,9.3320465,12.963522
scene_002708,-20.203071451187135,-133.1009,12.963522
scene_007403,-7.33945450782776,138.08224,12.963522
scene_002298,31.66887679100037,-120.805664,12.963522
scene_002933,-18.199165201187135,2.1889954,12.963522
scene_000441,19.280143880844115,144.15808,12.963522
scene_007361,26.07463850975037,20.05632,12.963522
scene_001941,22.693046712875365,105.84131,12.963522
scene_005130,-17.291145181655885,98.588196,12.963522
scene_002251,27.05571761131287,23.349625,12.963522
scene_000082,1.4909097194671626,-82.460495,12.963522
scene_007534,9.531974935531617,112.36502,12.963522
scene_002504,-6.00351700782776,-157.5555,12.963522
scene_007827,16.368217611312865,-16.171768,12.963522
scene_003567,-5.920020914077759,-55.75302,12.963522
scene_007764,30.79216780662537,-179.09656,12.963522
scene_005492,10.424339437484742,58.810104,12.963522
scene_002534,-6.321845865249635,38.85933,12.963522
scene_001461,2.981445455551147,-26.275284,12.963522
scene_004540,26.59648909568787,-68.04867,12.963522
scene_004705,0.0010262966156001085,-170.07388,12.963522
scene_007655,21.555412435531615,121.80969,12.963522
scene_003368,-23.229804849624635,171.12122,12.963522
scene_004543,4.947517538070678,-118.005936,12.963522
scene_006294,37.388359212875365,-8.852509,12.963522
scene_003762,23.882866048812865,-54.156723,12.963522
scene_000039,-7.730842447280884,14.002853,12.963522
scene_001856,-12.792793130874635,-6.6611633,12.963522
scene_004495,34.632988119125365,-59.73767,12.963522
scene_003326,49.996269369125365,148.67462,12.963522
scene_003044,-2.551475381851197,48.615158,12.963522
scene_004248,7.486320638656617,-160.21574,12.963522
scene_006682,13.101432943344118,-48.787598,12.963522
scene_003377,24.529960775375365,-162.53899,12.963522
scene_004510,9.777244710922242,-157.32321,12.963522
scene_007478,2.520912313461303,-178.07239,12.963522
scene_004496,-8.252693033218383,72.44739,12.963522
scene_002275,7.241050863265992,-92.53993,12.963522
scene_000676,29.49797835350037,-26.861084,12.963522
scene_007049,-1.512992715835572,101.05011,12.963522
scene_004384,17.578910970687865,-108.55824,12.963522
scene_001493,-25.90167984962464,64.2775,12.963522
scene_002727,15.627189779281618,-69.257545,12.963522
scene_003789,-37.340644693374635,-42.70987,12.963522
scene_007372,-12.918037271499635,176.97864,12.963522
scene_004269,6.552208089828491,-155.3091,12.963522
scene_002908,23.047905111312865,-79.79829,12.963522
scene_007547,13.591972494125368,-62.661827,12.963522
scene_007666,32.503837728500365,79.78201,12.963522
scene_003138,-13.011970376968385,87.80481,12.963522
scene_000784,0.3879703521728511,7.7085876,12.963522
scene_001804,-11.853462076187133,-121.188255,12.963522
scene_004987,-16.477058267593385,-7.0311737,12.963522
scene_002943,13.132743978500368,118.91077,12.963522
scene_005902,-18.689704751968385,-164.8142,12.963522
scene_006766,26.74260725975037,179.81036,12.963522
scene_002563,-5.966987466812134,145.17365,12.963522
scene_002777,54.29631819725037,-60.723022,12.963522
scene_003537,15.919426107406618,169.47363,12.963522
scene_003754,27.68193831443787,137.4505,12.963522
scene_002220,30.83391585350037,122.252686,12.963522
scene_004956,-3.944816446304322,-100.62051,12.963522
scene_006418,8.811821126937867,135.7421,12.963522
scene_000400,-0.38905701637268114,-13.4591675,12.963522
scene_001043,31.02178206443787,158.09454,12.963522
scene_007718,27.72368636131287,95.33801,12.963522
scene_004892,11.410637044906617,179.53564,12.963522
scene_004306,-3.8326185703277593,178.71536,12.963522
scene_006934,4.882286214828491,159.67358,12.963522
scene_002632,-6.697578287124635,139.31573,12.963522
scene_000923,11.692436361312867,86.61395,12.963522
scene_003363,15.282768392562868,160.93369,12.963522
scene_005277,-0.15422425270080614,-128.88998,12.963522
scene_001785,-12.135261392593383,134.14606,12.963522
scene_006618,16.389091634750365,-161.40636,12.963522
scene_004687,0.7929345607757564,30.654968,12.963522
scene_005338,2.0408097743988036,164.63611,12.963522
scene_004411,3.838585042953491,118.90192,12.963522
scene_003846,32.33684554100037,-39.462555,12.963522
scene_004310,24.655204916000365,167.47815,12.963522
scene_000314,-12.959785318374635,-129.80948,12.963522
scene_001194,-11.832588052749633,155.39197,12.963522
scene_000590,-22.687080240249635,-5.575897,12.963522
scene_003428,-45.815498208999635,96.86005,12.963522
scene_002329,41.333549642562865,155.79443,12.963522
scene_000856,7.334983968734742,16.912933,12.963522
scene_000355,-1.7386930942535406,45.406418,12.963522
scene_000429,16.681327962875365,100.660645,12.963522
scene_002936,13.331047201156618,118.43729,12.963522
scene_004828,16.27428450584412,73.33469,12.963522
scene_005843,-5.074622964859009,176.06561,12.963522
scene_002822,-4.670188760757447,179.24792,12.963522
scene_002468,-14.723640298843385,31.786957,12.963522
scene_005509,3.465461874008178,55.17685,12.963522
scene_006940,2.0003663539886474,-49.223663,12.963522
scene_002266,3.4002305507659907,179.32697,12.963522
scene_005869,-11.352485513687133,60.166534,12.963522
scene_002555,21.075309896469115,84.92517,12.963522
scene_003098,24.404716634750365,139.99066,12.963522
scene_005528,40.477714681625365,159.59735,12.963522
scene_007599,15.000969076156618,-144.65915,12.963522
scene_000436,1.4341584682464594,101.12637,12.963522
scene_001730,18.862663412094115,-88.48372,12.963522
scene_005832,35.384452962875365,-176.54291,12.963522
scene_007910,-12.928474283218385,31.717163,12.963522
scene_001954,32.545585775375365,-140.4346,12.963522
scene_002866,-3.788261270523072,-79.13789,12.963522
scene_000409,-1.3851393222808845,-19.842377,12.963522
scene_000386,10.773979330062867,-54.222244,12.963522
scene_003386,0.44590392112731886,178.06052,12.963522
scene_001850,6.171257162094116,-98.07539,12.963522
scene_001374,24.258598470687865,-11.846954,12.963522
scene_001786,9.197990560531617,108.205414,12.963522
scene_001471,15.533256673812868,61.133224,12.963522
scene_006132,0.40965976715087843,-56.42472,12.963522
scene_004076,4.788353109359741,-63.963608,12.963522
scene_003278,41.688408041000365,-160.30649,12.963522
scene_002620,17.787651205062865,-133.95024,12.963522
scene_005181,-1.830016946792603,80.65622,12.963522
scene_004035,25.469291830062865,66.56482,12.963522
scene_006720,18.455619955062865,-154.997,12.963522
scene_001187,19.770683431625365,-101.04362,12.963522
scene_001455,-19.493354654312135,160.70502,12.963522
scene_007281,-16.904975748062135,178.2478,12.963522
scene_003206,9.104057455062867,-28.914108,12.963522
scene_001002,6.573082113265991,175.49219,12.963522
scene_005002,-9.865211343765258,-38.989487,12.963522
scene_001833,26.11638655662537,-165.1084,12.963522
scene_003132,29.03874983787537,-78.62369,12.963522
scene_003013,15.919426107406618,-58.869347,12.963522
scene_002673,-16.894538736343385,-18.091766,12.963522
scene_000421,14.823539876937868,106.8757,12.963522
scene_002512,15.835930013656618,79.5177,12.963522
scene_004100,-4.072669839859009,-150.33145,12.963522
scene_001509,-37.090156412124635,-27.669907,12.963522
scene_001787,22.839164876937865,118.45947,12.963522
scene_007146,26.61736311912537,137.89093,12.963522
scene_000677,-2.1052931308746343,-76.85756,12.963522
scene_003117,23.444511556625365,-148.29243,12.963522
scene_007684,-4.826743936538697,-175.10515,12.963522
scene_001130,-3.3786085605621348,119.72232,12.963522
scene_006279,-26.08954606056214,140.35867,12.963522
scene_000579,-6.58798966407776,53.20349,12.963522
scene_001642,-3.1411665439605723,-75.758575,12.963522
scene_007084,9.865959310531617,26.160461,12.963522
scene_004197,1.0995217800140376,-150.78558,12.963522
scene_003804,57.84490218162537,147.77463,12.963522
scene_004524,24.905693197250365,11.482529,12.963522
scene_006419,25.94939436912537,-170.57535,12.963522
scene_003002,22.400810384750365,18.99936,12.963522
scene_000416,-5.022437906265259,31.653702,12.963522
scene_003272,-21.351142740249635,-117.74833,12.963522
scene_000777,3.1393052577972407,171.25363,12.963522
scene_003300,17.808525228500365,10.658249,12.963522
scene_005078,35.739311361312865,-42.417145,12.963522
scene_004032,6.672233724594116,155.7669,12.963522
scene_000885,15.512382650375368,1.8299255,12.963522
scene_004971,5.618095541000366,-83.22032,12.963522
scene_006502,7.105369710922242,-104.5391,12.963522
scene_005238,-4.383170938491822,-88.37338,12.963522
scene_005813,-7.03678116798401,-45.7312,12.963522
scene_006041,-6.02439103126526,-124.83834,12.963522
scene_000354,-11.122871255874633,46.8562,12.963522
scene_005953,11.525444173812867,-94.42562,12.963522
scene_001364,18.768730306625365,-92.96053,12.963522
scene_007105,34.361625814437865,-30.402878,12.963522
scene_001181,39.434013509750365,74.03854,12.963522
scene_002554,11.222770833969117,-83.72031,12.963522
scene_007396,-0.7915342807769781,-92.29449,12.963522
scene_007575,13.999015951156618,-175.35394,12.963522
scene_006695,-6.739326333999635,-145.82268,12.963522
scene_004596,-5.460792398452759,174.11072,12.963522
scene_006662,37.325737142562865,6.824936,12.963522
scene_001116,8.530021810531617,169.56433,12.963522
scene_001402,18.852226400375365,-26.644089,12.963522
scene_000184,-17.886054849624635,-82.7771,12.963522
scene_000659,29.16399397850037,68.12584,12.963522
scene_007014,20.501274251937865,57.576035,12.963522
scene_007777,36.845634603500365,-5.194458,12.963522
scene_005960,-0.6245420932769781,-38.912323,12.963522
scene_000763,30.47905745506287,-2.4572906,12.963522
scene_004463,2.7322618007659907,112.72858,12.963522
scene_002030,-12.260505533218383,49.16516,12.963522
scene_001488,-3.8639296054840093,77.45212,12.963522
scene_002528,25.218803548812865,-50.576385,12.963522
scene_002748,21.367546224594115,65.81317,12.963522
scene_007261,-31.725532388687135,-167.23126,12.963522
scene_000730,-17.938239908218385,47.280212,12.963522
scene_007890,-9.437293863296508,-161.7686,12.963522
scene_006079,-14.661018228530885,96.68375,12.963522
scene_000297,1.143879079818725,67.86153,12.963522
scene_003270,0.5411416530609126,-89.6633,12.963522
scene_000533,29.47710433006287,2.9710693,12.963522
scene_007636,0.8395749568939205,172.87396,12.963522
scene_001020,2.447853231430053,17.87587,12.963522
scene_005868,-10.058296060562133,178.8648,12.963522
scene_007922,-16.195258951187135,87.89569,12.963522
scene_000735,16.33690657615662,-171.09637,12.963522
scene_003019,15.178398275375368,62.951218,12.963522
scene_003899,15.668937826156618,62.024597,12.963522
scene_007785,-1.4490660190582283,93.4906,12.963522
scene_007981,-7.501228189468385,-63.807434,12.963522
scene_001289,-7.45426163673401,59.696823,12.963522
scene_004330,23.068779134750365,0.161026,12.963522
scene_006755,24.008110189437865,125.76843,12.963522
scene_000013,14.249504232406618,6.6856995,12.963522
scene_007098,14.270378255844118,-179.80452,12.963522
scene_002542,3.2175828456878657,-90.598335,12.963522
scene_007019,15.543693685531618,-15.583481,12.963522
scene_004461,3.8516313076019286,27.992172,12.963522
scene_001293,-18.877570962905885,-59.86122,12.963522
scene_002826,28.28728499412537,19.217163,12.963522
scene_004716,-12.677986001968385,75.330185,12.963522
scene_003118,3.572441244125366,-151.49278,12.963522
scene_004214,-3.9422071933746343,145.22522,12.963522
scene_006235,-12.427497720718385,-85.63762,12.963522
scene_007951,-9.108527994155883,85.81198,12.963522
scene_002577,-3.6343153476715098,-60.31112,12.963522
scene_001228,-6.21225724220276,150.42297,12.963522
scene_000576,19.697624349594115,-96.72342,12.963522
scene_003737,33.401420736312865,122.04321,12.963522
scene_002505,20.960502767562865,-124.38984,12.963522
scene_007144,35.133964681625365,161.5404,12.963522
scene_004724,-1.278159952163697,167.0238,12.963522
scene_005150,20.365593099594115,-127.66435,12.963522
scene_000749,30.47905745506287,75.65192,12.963522
scene_002606,-46.358222818374635,160.20697,12.963522
scene_001459,-26.75751481056214,-118.55487,12.963522
scene_005281,-0.7628324985504156,111.24686,12.963522
scene_002072,-3.1568220615386973,-75.391426,12.963522
scene_005828,14.322563314437868,-0.65553284,12.963522
scene_003435,-5.304237222671509,38.9187,12.963522
scene_006864,-15.360298013687135,-20.522034,12.963522
scene_003713,13.685905599594118,-4.970642,12.963522
scene_006736,6.009483480453491,120.49524,12.963522
scene_001503,-23.167182779312135,165.3179,12.963522
scene_001445,11.640251302719117,-44.735428,12.963522
scene_001319,-4.197913980484009,170.51886,12.963522
scene_006667,24.362968587875365,-122.200356,12.963522
scene_001971,14.614799642562868,-21.363052,12.963522
scene_006067,0.7136785030364985,-88.700714,12.963522
scene_001209,27.34795393943787,-90.21703,12.963522
scene_007958,9.495445394515992,-132.84055,12.963522
scene_002164,8.879661703109742,-166.57129,12.963522
scene_004869,-4.103980875015259,-42.571854,12.963522
scene_002556,-10.204414224624633,-170.9715,12.963522
scene_006858,33.756279134750365,-111.97915,12.963522
scene_004885,-19.378547525405885,100.72299,12.963522
scene_000662,47.741874837875365,119.38605,12.963522
scene_000834,8.754417562484742,-100.33263,12.963522
scene_007977,8.509147787094117,54.113495,12.963522
scene_006406,-34.063423013687135,-168.40254,12.963522
scene_003749,-7.07852921485901,-55.280502,12.963522
scene_002129,12.631767416000367,47.8992,12.963522
scene_003974,7.512413167953492,151.08917,12.963522
scene_004762,-7.344673013687135,162.05917,12.963522
scene_006734,-27.61334977149964,171.8263,12.963522
scene_003164,34.570366048812865,-177.95033,12.963522
scene_000239,5.879020833969116,-25.420715,12.963522
scene_000187,2.2665101528167724,148.94519,12.963522
scene_004864,-27.34198746681214,-173.93472,12.963522
scene_001923,6.207786703109741,145.77765,12.963522
scene_001195,-15.391609048843385,-73.568275,12.963522
scene_002050,-11.049812173843383,63.417618,12.963522
scene_002895,-25.79730973243714,128.72003,12.963522
scene_001740,-25.17108902931214,-140.43277,12.963522
scene_007843,18.163383626937865,-107.12716,12.963522
scene_002898,-1.2925108432769783,-76.023766,12.963522
scene_004640,11.640251302719117,-37.85321,12.963522
scene_000722,23.966362142562865,-57.878662,12.963522
scene_002802,13.143180990219118,127.63852,12.963522
scene_001165,1.0121118068695063,104.81885,12.963522
scene_007385,17.453666830062865,-67.891396,12.963522
scene_000120,6.046013021469116,172.6189,12.963522
scene_000175,-4.623222208023072,-145.72389,12.963522
scene_001442,15.606315755844118,-111.74754,12.963522
scene_004090,37.847587728500365,-81.64826,12.963522
scene_007194,-12.907600259780885,-176.68924,12.963522
scene_006731,-5.053748941421509,136.69867,12.963522
scene_002067,-20.171760416030885,-58.724648,12.963522
scene_003271,2.412628316879272,168.71127,12.963522
scene_004114,-12.135261392593383,165.6977,12.963522
scene_004468,22.526054525375365,141.97385,12.963522
scene_000597,36.490776205062865,95.87378,12.963522
scene_007515,-3.2481459140777598,148.51984,12.963522
scene_000774,-24.085639810562135,-129.05588,12.963522
scene_000739,9.229301595687867,40.86856,12.963522
scene_000464,-3.1098555088043223,56.196182,12.963522
scene_004717,-5.669532632827759,179.04645,12.963522
scene_000017,8.180381917953492,96.46457,12.963522
scene_000022,2.257377767562866,178.83984,12.963522
scene_007308,1.9403535366058344,-146.95673,12.963522
scene_000156,-12.813667154312135,110.674164,12.963522
scene_001617,21.263176107406615,-34.802673,12.963522
scene_007140,4.968391561508178,74.110825,12.963522
scene_006289,12.151664876937867,-62.781372,12.963522
scene_006950,-37.653755044937135,-175.11742,12.963522
scene_003208,43.358329916000365,-79.50833,12.963522
scene_006026,19.353202962875365,81.95145,12.963522
scene_007297,12.026420736312867,127.16931,12.963522
scene_001074,31.58538069725037,167.76965,12.963522
scene_006947,-11.488166666030883,-176.43155,12.963522
scene_007798,-2.8802412509918223,145.12518,12.963522
scene_007002,4.686592245101928,-89.772514,12.963522
scene_003656,-9.390327310562133,-53.36448,12.963522
scene_005468,9.046653890609742,113.899536,12.963522
scene_006811,7.559379720687867,174.52734,12.963522
scene_003674,-6.49405655860901,70.20825,12.963522
scene_000208,2.4661180019378657,116.24591,12.963522
scene_000709,-1.5416944980621345,108.10193,12.963522
scene_003647,-6.895881509780885,13.392944,12.963522
scene_007894,-3.9943922519683843,-46.817886,12.963522
scene_007962,35.405326986312865,45.823547,12.963522
scene_000573,22.693046712875365,-75.90663,12.963522
scene_002166,20.678703451156615,163.43707,12.963522
scene_002103,-20.150886392593385,47.10399,12.963522
scene_007370,34.987846517562865,18.083694,12.963522
scene_003266,2.938392782211303,-173.85664,12.963522
scene_006699,34.361625814437865,169.85898,12.963522
scene_000009,5.015358114242553,-81.57733,12.963522
scene_002369,21.649345541000365,80.68344,12.963522
scene_002305,45.278740072250365,-147.8047,12.963522
scene_002613,-22.833198404312135,-153.96623,12.963522
scene_002871,21.388420248031615,130.99353,12.963522
scene_002581,-15.934333658218383,-52.872314,12.963522
scene_006644,6.103416585922241,-20.455154,12.963522
scene_000452,-7.60037980079651,62.18071,12.963522
scene_007587,-4.607566690444947,106.386475,12.963522
scene_006342,12.976188802719117,-170.99269,12.963522
scene_005066,68.61589827537537,-126.22834,12.963522
scene_003726,15.241020345687868,-69.66386,12.963522
scene_005517,52.79338850975037,153.59634,12.963522
scene_002680,4.754432821273803,57.99681,12.963522
scene_004213,9.709404134750367,-2.08815,12.963522
scene_000537,26.28337874412537,101.80762,12.963522
scene_005807,58.26238265037537,135.29303,12.963522
scene_000703,-2.739341592788697,24.835098,12.963522
scene_005107,13.080558919906618,-19.664612,12.963522
scene_003940,4.289985799789429,-104.24488,12.963522
scene_001909,23.256645345687865,-39.70012,12.963522
scene_003601,-11.863899087905883,15.890732,12.963522
scene_006266,-17.531196451187135,-148.50006,12.963522
scene_002082,12.391716146469117,-18.085312,12.963522
scene_005622,29.85283675193787,19.503937,12.963522
scene_004678,26.24163069725037,20.512314,12.963522
scene_005119,35.614067220687865,178.60803,12.963522
scene_003338,29.97808089256287,-85.10771,12.963522
scene_006977,3.7107316493988036,-22.672775,12.963522
scene_004006,-18.178291177749635,-63.277664,12.963522
scene_000337,-9.192024087905883,30.98973,12.963522
scene_000463,18.299064779281615,-93.21354,12.963522
scene_001359,30.10332503318787,-47.0318,12.963522
scene_004204,19.822868490219115,-44.386505,12.963522
scene_001485,32.35771956443787,-19.73964,12.963522
scene_003655,-4.237052774429322,116.32507,12.963522
scene_001007,3.110603475570678,-177.70352,12.963522
scene_003442,19.060966634750365,-47.75403,12.963522
scene_001016,17.985954427719115,32.718597,12.963522
scene_005519,15.094902181625368,-8.364807,12.963522
scene_001544,7.726371908187867,157.59253,12.963522
scene_007314,0.533640050888061,121.566315,12.963522
scene_006548,42.022392416000365,50.0912,12.963522
scene_001857,13.299736166000368,-82.51177,12.963522
scene_005040,6.844444417953492,-106.42746,12.963522
scene_000356,22.651298666000365,-3.735794,12.963522
scene_007008,0.6316501140594477,13.558685,12.963522
scene_000917,26.57561507225037,26.73088,12.963522
scene_006462,18.893974447250365,-22.199112,12.963522
scene_001214,-8.790199136734008,-56.819458,12.963522
scene_003855,-2.374046182632447,153.90909,12.963522
scene_001609,-0.7354353427886968,-147.40225,12.963522
scene_001368,-0.44646058082580625,164.38162,12.963522
scene_000451,28.45427718162537,-48.266144,12.963522
scene_005044,-1.997009134292603,156.66376,12.963522
scene_006752,3.6324540615081786,109.043335,12.963522
scene_006693,38.891288900375365,95.53342,12.963522
scene_004164,17.224052572250365,164.66168,12.963522
scene_004747,7.663749837875367,-3.8098602,12.963522
scene_001361,3.5646134853363036,-33.6653,12.963522
scene_005361,6.995781087875367,10.001099,12.963522
scene_001106,5.364998006820678,-143.66823,12.963522
scene_003842,-23.271552896499635,18.701447,12.963522
scene_002999,-4.633659219741822,16.434708,12.963522
scene_000261,27.24358382225037,48.946594,12.963522
scene_002852,3.562004232406616,65.894775,12.963522
scene_005317,22.776542806625365,0.87301636,12.963522
scene_002451,-4.153556680679322,-65.29856,12.963522
scene_004559,11.212333822250367,-116.35555,12.963522
scene_005540,-12.771919107437135,-106.54375,12.963522
scene_003889,-2.1835707187652593,-161.03835,12.963522
scene_006024,-35.587226724624635,100.36743,12.963522
scene_000981,24.509086751937865,-142.09093,12.963522
scene_007388,3.1549607753753657,132.94318,12.963522
scene_000815,12.391716146469117,148.0506,12.963522
scene_001715,-7.06809220314026,17.757538,12.963522
scene_004579,35.822807455062865,-164.45053,12.963522
scene_004493,8.425651693344117,8.33255,12.963522
scene_004592,2.5143891811370844,-83.47672,12.963522
scene_001889,23.110527181625365,-65.85195,12.963522
scene_006176,27.11833968162537,-166.48471,12.963522
scene_001870,15.157524251937868,30.124908,12.963522
scene_003681,-21.685127115249635,118.40906,12.963522
scene_002088,-38.071235513687135,-157.93976,12.963522
scene_005693,-5.695625162124634,-0.9706726,12.963522
scene_004903,21.242302083969115,153.56427,12.963522
scene_005537,-7.26639542579651,-46.058105,12.963522
scene_003312,-7.355110025405885,-72.0949,12.963522
scene_002137,15.063591146469118,146.8122,12.963522
scene_003323,17.171867513656615,-154.16638,12.963522
scene_002879,2.7805329799652094,178.78564,12.963522
scene_003495,33.985893392562865,168.2622,12.963522
scene_000953,-10.293128824234008,128.83746,12.963522
scene_006631,10.773979330062867,-128.99332,12.963522
scene_004177,-7.715186929702759,-143.01495,12.963522
scene_005514,14.395622396469118,31.452316,12.963522
scene_007406,5.920768880844116,-145.09235,12.963522
scene_003768,-6.27487931251526,1.9675598,12.963522
scene_001257,16.378654623031615,-174.51021,12.963522
scene_007376,1.5130883693695063,144.40918,12.963522
scene_001362,4.968391561508178,12.192581,12.963522
scene_003170,10.142540121078492,85.545044,12.963522
scene_005875,-8.993720865249633,-6.3985443,12.963522
scene_006446,3.635063314437866,-88.775246,12.963522
scene_007216,-4.036140298843384,-64.96162,12.963522
scene_007647,-7.715186929702759,-160.66034,12.963522
scene_000493,0.22615590095519972,140.34961,12.963522
scene_003243,2.3487016201019286,-150.47928,12.963522
scene_004274,27.84893050193787,76.190186,12.963522
scene_001967,3.0205842494964594,-171.89941,12.963522
scene_006996,11.452385091781617,-93.347084,12.963522
scene_005068,18.100761556625365,-137.66293,12.963522
scene_005021,9.756370687484742,116.176025,12.963522
scene_006916,-23.605537271499635,66.85797,12.963522
scene_005757,7.893364095687867,178.6305,12.963522
scene_000770,35.008720541000365,20.438583,12.963522
scene_007823,39.517509603500365,-6.772476,12.963522
scene_002813,40.561210775375365,143.54883,12.963522
scene_002672,6.072105550765991,-141.68211,12.963522
scene_001875,11.327140951156617,44.642365,12.963522
scene_000690,4.908378744125366,98.21826,12.963522
scene_001846,-23.981269693374635,-110.13219,12.963522
scene_006100,25.82415022850037,111.45047,12.963522
scene_000544,12.590019369125367,-92.66352,12.963522
scene_000434,17.610222005844115,-41.076965,12.963522
scene_002957,1.7890168666839594,-172.37822,12.963522
scene_003513,18.716545248031615,104.217834,12.963522
scene_007389,20.887443685531615,-45.260498,12.963522
scene_006055,-20.244819498062135,-108.15653,12.963522
scene_000482,4.245628499984742,-169.02577,12.963522
scene_006795,-31.41242203712464,26.301117,12.963522
scene_006629,-15.141120767593385,-170.49005,12.963522
scene_000305,-3.772605752944947,3.2629547,12.963522
scene_002731,12.339531087875367,-99.42209,12.963522
scene_002973,-7.50644669532776,-49.04834,12.963522
scene_005615,-9.296394205093383,9.389679,12.963522
scene_003757,22.296440267562865,150.15015,12.963522
scene_007015,10.727012777328492,66.383545,12.963522
scene_000289,33.422294759750365,106.669586,12.963522
scene_005883,23.903740072250365,-25.428665,12.963522
scene_005608,9.354545736312867,11.152206,12.963522
scene_007221,7.408043050765992,-130.18355,12.963522
scene_006518,38.098076009750365,-151.95207,12.963522
scene_007234,7.736808919906617,163.36185,12.963522
scene_001656,32.04460921287537,-38.39969,12.963522
scene_005388,14.113823080062868,133.11713,12.963522
scene_007950,-27.40460953712464,-59.54004,12.963522
scene_001157,-21.225898599624635,-35.665527,12.963522
scene_007695,43.441826009750365,-33.258972,12.963522
scene_003356,-53.78937516212464,101.60486,12.963522
scene_004806,12.287346029281617,128.56021,12.963522
scene_003224,5.957298421859741,141.93378,12.963522
scene_002337,11.087089681625367,7.057358,12.963522
scene_007437,18.006828451156615,-27.012146,12.963522
scene_003598,-12.625800943374635,-120.05412,12.963522
scene_002143,-10.715827798843383,7.535019,12.963522
scene_006822,-12.437934732437135,-167.30035,12.963522
scene_007821,-24.544868326187135,-47.37018,12.963522
scene_003599,11.473259115219117,157.44958,12.963522
scene_006368,2.9044724941253657,-4.240677,12.963522
scene_007211,37.075248861312865,-150.24956,12.963522
scene_005583,20.772636556625365,25.194717,12.963522
scene_004616,18.466056966781615,175.02185,12.963522
scene_005434,-18.992378091812135,-90.382965,12.963522
scene_001321,29.53972640037537,179.49554,12.963522
scene_005535,8.289970541000367,-55.041046,12.963522
scene_007032,16.900505208969115,34.251007,12.963522
scene_007780,36.657768392562865,163.01648,12.963522
scene_000004,21.377983236312865,-97.27177,12.963522
scene_004655,12.861381673812867,164.65735,12.963522
scene_005866,-13.617317056655885,105.537476,12.963522
scene_001409,14.552177572250368,-129.27464,12.963522
scene_001247,17.067497396469115,-63.608627,12.963522
scene_005862,22.672172689437865,-42.815567,12.963522
scene_000536,12.746574544906617,57.476334,12.963522
scene_001330,24.738701009750365,-6.356476,12.963522
scene_007324,-7.355110025405885,176.64386,12.963522
scene_002846,23.068779134750365,-151.30907,12.963522
scene_007694,6.092979574203491,-13.79454,12.963522
scene_006571,-8.905006265640258,164.01685,12.963522
scene_004345,3.807274007797241,119.035645,12.963522
scene_002951,25.135307455062865,69.395905,12.963522
scene_001180,3.6950761318206786,-58.304993,12.963522
scene_000667,-0.033872461318970204,-29.849716,12.963522
scene_000797,-12.041328287124633,148.51746,12.963522
scene_004769,17.297111654281615,-47.66205,12.963522
scene_002775,29.24749007225037,50.523987,12.963522
scene_000620,30.45818343162537,148.71051,12.963522
scene_005601,6.875755453109742,138.32758,12.963522
scene_002190,16.24297347068787,-33.370605,12.963522
scene_007206,11.525444173812867,-72.045235,12.963522
scene_002177,21.816337728500365,50.71585,12.963522
scene_006400,23.110527181625365,121.60239,12.963522
scene_001439,22.192070150375365,166.46259,12.963522
scene_000616,6.948814535140992,101.87982,12.963522
scene_002916,31.71062483787537,136.55933,12.963522
scene_006206,24.383842611312865,56.50653,12.963522
scene_000070,31.83586897850037,-102.3219,12.963522
scene_002046,17.829399251937865,-35.83844,12.963522
scene_000812,2.2443315029144286,-157.59322,12.963522
scene_000126,9.568504476547242,173.70526,12.963522
scene_002639,9.693748617172242,44.89781,12.963522
scene_005478,-11.978706216812133,-38.1727,12.963522
scene_005735,24.780449056625365,139.1391,12.963522
scene_004138,39.663627767562865,-146.08269,12.963522
scene_000330,4.112556600570679,56.865112,12.963522
scene_004611,17.933769369125365,156.03497,12.963522
scene_000283,-26.04779801368714,138.50073,12.963522
scene_001753,-3.6917189121246343,-133.87543,12.963522
scene_001476,-3.7543409824371343,-142.0075,12.963522
scene_005149,12.370842123031617,145.5127,12.963522
scene_003953,2.0212403774261474,-166.71614,12.963522
scene_004961,2.038200521469116,-167.89807,12.963522
scene_001065,-11.467292642593383,-22.576523,12.963522
scene_003111,26.36687483787537,136.13428,12.963522
scene_007957,-35.837715005874635,-154.5369,12.963522
scene_007913,15.366264486312868,135.45483,12.963522
scene_003552,8.869224691390992,24.093994,12.963522
scene_004854,15.877678060531618,77.509186,12.963522
scene_003466,-7.944801187515259,63.79712,12.963522
scene_007683,11.128837728500367,-8.52684,12.963522
scene_003702,1.9886247158050534,103.10416,12.963522
scene_007829,-1.2429350376129158,61.019745,12.963522
scene_007543,4.577003622055053,-90.02688,12.963522
scene_004723,-15.193305826187135,161.88821,12.963522
scene_002602,8.002952718734742,175.38293,12.963522
scene_005574,15.188835287094118,-131.7018,12.963522
scene_006044,-19.023689126968385,94.41373,12.963522
scene_007323,12.026420736312867,-58.757904,12.963522
scene_003152,-2.3088148593902593,-7.6516724,12.963522
scene_001009,21.294487142562865,164.7056,12.963522
scene_006609,46.113701009750365,-103.44334,12.963522
scene_001259,-29.80512223243714,-161.13382,12.963522
scene_002655,-7.167243814468385,154.58838,12.963522
scene_007290,18.382560873031615,-90.847626,12.963522
scene_000697,10.450431966781617,-122.69817,12.963522
scene_003039,-11.279426431655883,117.001495,12.963522
scene_001577,-8.210944986343383,-96.50161,12.963522
scene_002078,-26.56964859962464,145.97382,12.963522
scene_007529,38.870414876937865,-50.52823,12.963522
scene_006880,-7.47513566017151,61.087265,12.963522
scene_006549,32.04460921287537,-38.07257,12.963522
scene_000173,34.173759603500365,92.19821,12.963522
scene_004997,-28.65705094337464,10.877106,12.963522
scene_005129,46.948661947250365,150.77692,12.963522
scene_004696,14.813102865219118,-155.23677,12.963522
scene_007726,-9.896522378921508,144.04816,12.963522
scene_007093,10.111229085922242,-82.26775,12.963522
scene_004139,-0.7158659458160406,-98.91377,12.963522
scene_001761,1.456989431381225,-121.556915,12.963522
scene_000607,28.55864729881287,-170.05672,12.963522
scene_004686,16.368217611312865,-5.539093,12.963522
scene_007076,-7.094184732437135,-134.216,12.963522
scene_005695,8.644828939437867,-170.68098,12.963522
scene_004840,-4.445793008804322,-72.61732,12.963522
scene_003061,-18.094795083999635,46.680023,12.963522
scene_004779,-3.1437757968902598,-124.49061,12.963522
scene_007046,3.074073934555053,-177.19516,12.963522
scene_003092,24.133354330062865,-114.82302,12.963522
scene_005897,32.963066244125365,99.117676,12.963522
scene_002432,-12.124824380874633,-52.286224,12.963522
scene_000372,15.762870931625368,-66.82975,12.963522
scene_007585,-18.981941080093385,146.5119,12.963522
scene_001134,-8.012641763687133,-148.81042,12.963522
scene_003667,5.077980184555053,-117.62633,12.963522
scene_007525,10.935753011703492,80.065796,12.963522
scene_005802,17.912895345687865,-14.472321,12.963522
scene_000802,6.280845785140991,-98.36215,12.963522
scene_006685,30.72954573631287,164.25922,12.963522
scene_002644,15.293205404281618,64.341,12.963522
scene_004064,-0.23869881629943895,-79.06252,12.963522
scene_001449,-2.3870924472808843,-111.66386,12.963522
scene_006793,40.957817220687865,-120.51181,12.963522
scene_002312,31.37664046287537,-116.37765,12.963522
scene_005086,-4.573646402359009,157.34286,12.963522
scene_004550,27.70281233787537,43.5764,12.963522
scene_004994,14.604362630844118,-85.2904,12.963522
scene_005455,2.5561372280120844,-93.14435,12.963522
scene_005543,35.551445150375365,-28.3154,12.963522
scene_007567,6.578300619125366,148.03326,12.963522
scene_005457,-18.940193033218385,-85.66336,12.963522
scene_003671,-3.3577345371246348,-74.24134,12.963522
scene_003643,-11.957832193374633,137.8526,12.963522
scene_007058,-0.06322655677795463,-33.13359,12.963522
scene_002204,27.84893050193787,-163.11153,12.963522
scene_007707,27.84893050193787,160.5138,12.963522
scene_003971,10.027732992172242,69.68475,12.963522
scene_000078,-21.309394693374635,-128.3616,12.963522
scene_002615,-33.833808755874635,178.28998,12.963522
scene_004619,10.627861166000367,-133.74417,12.963522
scene_000660,8.952720785140992,-59.721123,12.963522
scene_006784,1.4543801784515376,70.08127,12.963522
scene_005425,9.495445394515992,72.22604,12.963522
scene_001446,-10.240943765640258,71.478485,12.963522
scene_005901,22.922660970687865,-70.49047,12.963522
scene_003630,26.36687483787537,-129.93745,12.963522
scene_006519,7.465446615219117,152.45847,12.963522
scene_007250,8.728325033187867,137.57385,12.963522
scene_000979,26.51299300193787,-140.81615,12.963522
scene_000073,30.08245100975037,160.09467,12.963522
scene_004469,-7.866523599624634,-176.60945,12.963522
scene_005356,-8.717140054702758,45.511673,12.963522
scene_002185,-8.560584878921508,-50.61978,12.963522
scene_006278,-6.300971841812135,-23.441742,12.963522
scene_001842,32.963066244125365,6.0990143,12.963522
scene_004606,-0.8045805454254156,-125.80577,12.963522
scene_006516,30.95915999412537,175.69373,12.963522
scene_007087,18.977470541000365,32.310516,12.963522
scene_005465,34.695610189437865,40.001694,12.963522
scene_002422,-36.004707193374635,156.06686,12.963522
scene_002262,13.748527669906618,46.55551,12.963522
scene_007508,-4.670188760757447,85.871185,12.963522
scene_000869,-1.9696119785308843,134.3573,12.963522
scene_004117,18.111198568344115,-77.14997,12.963522
scene_000286,29.62322249412537,-103.69458,12.963522
scene_006222,36.783012533187865,178.40384,12.963522
scene_005912,14.061638021469118,162.82721,12.963522
scene_000679,-6.62973771095276,154.00607,12.963522
scene_001273,-5.231178140640259,125.72925,12.963522
scene_001548,-26.17304215431214,-67.902016,12.963522
scene_005771,27.91155257225037,-40.605988,12.963522
scene_007444,-5.158119058609009,179.32318,12.963522
scene_007338,-15.245490884780885,137.58923,12.963522
scene_001652,5.286720418930053,34.083374,12.963522
scene_001994,-5.314674234390259,-166.96727,12.963522
scene_004169,24.676078939437865,49.50479,12.963522
scene_001817,19.405388021469115,-117.919106,12.963522
scene_003814,5.057106161117553,124.08273,12.963522
scene_000246,-9.588630533218383,-23.108261,12.963522
scene_001520,34.236381673812865,-14.112015,12.963522
scene_000819,-13.011970376968385,42.07834,12.963522
scene_007669,-2.132690286636353,84.78479,12.963522
scene_000474,21.284050130844115,-171.88933,12.963522
scene_005454,-14.285285806655885,-121.533134,12.963522
scene_006459,22.192070150375365,-95.20502,12.963522
scene_003717,-27.86383805274964,-48.4767,12.963522
scene_006415,-2.728904581069947,-45.169937,12.963522
scene_004341,-4.779777383804322,122.840515,12.963522
scene_002749,-3.657798624038697,-31.222412,12.963522
scene_003867,-11.832588052749633,20.158142,12.963522
scene_004753,11.316703939437867,-121.604904,12.963522
scene_002516,-2.807182168960572,175.557,12.963522
scene_000272,12.015983724594117,-167.671,12.963522
scene_004553,17.923332357406615,10.658157,12.963522
scene_006475,35.488823080062865,176.98422,12.963522
scene_002958,27.89067854881287,126.76932,12.963522
scene_001331,34.194633626937865,-88.1425,12.963522
scene_006445,6.933159017562867,-33.950333,12.963522
scene_003548,25.051811361312865,-169.99428,12.963522
scene_002546,-4.691062784194947,22.336761,12.963522
scene_001643,-0.12487015724182182,-139.27258,12.963522
scene_007831,31.12615218162537,96.31888,12.963522
scene_006964,-11.101997232437133,59.549026,12.963522
scene_007051,25.385795736312865,-59.283966,12.963522
scene_007167,23.027031087875365,171.37042,12.963522
scene_001626,-9.520789957046508,-1.3445129,12.963522
scene_001281,19.384513998031615,-26.630493,12.963522
scene_003520,-3.9474256992340093,175.15381,12.963522
scene_007362,12.068168783187867,-141.44125,12.963522
scene_005709,5.873802328109741,-38.6967,12.963522
scene_002952,1.5802766323089594,115.907776,12.963522
scene_000529,2.0890809535980224,-25.275177,12.963522
scene_006330,-10.329658365249633,-169.90883,12.963522
scene_005436,-8.518836832046508,-113.47683,12.963522
scene_005658,19.572380208969115,175.0531,12.963522
scene_001430,26.47124495506287,120.39432,12.963522
scene_001168,-0.7008627414703374,145.27567,12.963522
scene_002872,18.852226400375365,58.906845,12.963522
scene_003213,9.464134359359742,19.801254,12.963522
scene_006036,6.834007406234742,-80.82572,12.963522
scene_006117,-9.014594888687133,-69.74202,12.963522
scene_000497,-16.435310220718385,-22.68074,12.963522
scene_001112,4.947517538070678,80.3508,12.963522
scene_002334,23.882866048812865,-51.562073,12.963522
scene_004083,26.09551253318787,-80.58025,12.963522
scene_007511,44.193290853500365,11.375656,12.963522
scene_007816,4.120384359359742,95.00482,12.963522
scene_007082,37.951957845687865,107.563354,12.963522
scene_000167,11.076652669906617,67.75903,12.963522
scene_007181,13.873771810531618,29.7258,12.963522
scene_006912,20.950065755844115,8.087997,12.963522
scene_006876,31.14702620506287,-58.55931,12.963522
scene_002294,-23.709907388687135,45.215866,12.963522
scene_001558,-0.8156698703765874,173.88623,12.963522
scene_001782,45.988456869125365,56.399124,12.963522
scene_004805,-2.504508829116822,-91.976906,12.963522
scene_006994,0.7113954067230219,43.736572,12.963522
scene_001358,0.49376740455627394,14.294601,12.963522
scene_005182,25.678032064437865,-121.80599,12.963522
scene_005740,20.720451498031615,142.98413,12.963522
scene_005375,26.51299300193787,-8.820099,12.963522
scene_004265,12.276909017562867,147.61072,12.963522
scene_004798,25.218803548812865,149.98883,12.963522
scene_000524,16.06554427146912,-1.2850494,12.963522
scene_005440,3.2906419277191157,-37.83281,12.963522
scene_002691,20.803947591781615,170.72943,12.963522
scene_001507,32.02373518943787,-79.82884,12.963522
scene_005718,30.79216780662537,-66.36519,12.963522
scene_000271,1.270427846908569,-31.091171,12.963522
scene_007357,-13.241584634780885,96.155365,12.963522
scene_001286,3.157570028305053,-128.1134,12.963522
scene_001188,-32.163886880874635,-92.89431,12.963522
scene_001161,26.34600081443787,82.7554,12.963522
scene_001305,34.486869955062865,166.93576,12.963522
scene_007395,43.859306478500365,170.19397,12.963522
scene_002467,-27.40460953712464,-77.31512,12.963522
scene_005486,15.345390462875368,172.5134,12.963522
scene_007835,-4.025703287124634,59.562958,12.963522
scene_004671,-20.088264322280885,-142.8296,12.963522
scene_005589,27.43145003318787,-145.56319,12.963522
scene_006762,24.780449056625365,112.97217,12.963522
scene_005521,19.207084798812865,108.54205,12.963522
scene_001148,17.286674642562865,-41.756683,12.963522
scene_000055,-7.30814347267151,-10.318985,12.963522
scene_007041,23.047905111312865,-152.76132,12.963522
scene_007161,3.037544393539428,-108.43525,12.963522
scene_002503,22.150322103500365,-88.54527,12.963522
scene_002844,-13.846931314468385,-1.5688782,12.963522
scene_007697,33.672783041000365,87.58325,12.963522
scene_007054,-26.40265641212464,53.482315,12.963522
scene_002487,16.16991438865662,84.77997,12.963522
scene_006398,25.218803548812865,60.694748,12.963522
scene_000650,-9.833900308609008,-50.803833,12.963522
scene_005848,1.991233968734741,-155.39072,12.963522
scene_001552,-15.569038248062135,-103.0928,12.963522
scene_001036,23.402763509750365,159.14746,12.963522
scene_003406,-17.176338052749635,123.761536,12.963522
scene_003521,-4.967643594741822,-169.41165,12.963522
scene_007518,5.067543172836303,113.003876,12.963522
scene_007631,0.2460514545440669,95.75592,12.963522
scene_007733,6.223442220687866,146.33609,12.963522
scene_002014,-9.249427652359008,-8.559631,12.963522
scene_007846,-0.0074537754058842665,-40.333252,12.963522
scene_005987,-0.8691595554351812,-146.9133,12.963522
scene_004231,4.971000814437866,4.056946,12.963522
scene_005579,10.560020589828492,-158.48329,12.963522
scene_000530,6.578300619125366,-115.11092,12.963522
scene_000619,-2.431449747085572,169.05344,12.963522
scene_002647,4.073417806625367,154.0133,12.963522
scene_005481,-8.591895914077758,168.4273,12.963522
scene_002902,18.706108236312865,-167.5221,12.963522
scene_002139,15.867241048812868,155.00757,12.963522
scene_004095,12.151664876937867,-165.16946,12.963522
scene_001589,-8.148322916030883,27.808807,12.963522
scene_001470,11.243644857406617,113.06213,12.963522
scene_007350,31.64800276756287,-139.70618,12.963522
scene_003863,6.442619466781616,76.272064,12.963522
scene_000937,2.0368958950042724,-158.66779,12.963522
scene_004562,1.509174489974975,132.86337,12.963522
scene_002768,5.318031454086303,-54.405144,12.963522
scene_001574,18.142509603500365,-87.68615,12.963522
scene_000333,20.762199544906615,-99.19022,12.963522
scene_004901,11.650688314437867,102.83264,12.963522
scene_004701,-3.5325544834136973,-83.17812,12.963522
scene_004545,0.88817229270935,112.30774,12.963522
scene_005667,30.16594710350037,-178.94484,12.963522
scene_002018,-5.293800210952759,165.9161,12.963522
scene_000438,13.247551107406618,67.60333,12.963522
scene_005056,1.2873879909515378,-75.19463,12.963522
scene_004243,15.815055990219118,10.040344,12.963522
scene_004584,-1.0798567295074468,-18.498901,12.963522
scene_004154,18.967033529281615,16.246658,12.963522
scene_001078,22.171196126937865,-102.6773,12.963522
scene_004866,6.432182455062866,-55.308052,12.963522
scene_000468,-9.990455484390258,178.79404,12.963522
scene_001131,-6.937629556655885,152.19531,12.963522
scene_004720,8.201255941390992,152.98828,12.963522
scene_005860,33.568412923812865,-177.72083,12.963522
scene_002718,19.447136068344115,-102.93854,12.963522
scene_003354,-7.20377335548401,83.87396,12.963522
scene_007939,-22.770576333999635,-63.23561,12.963522
scene_005607,26.07463850975037,-137.23366,12.963522
scene_000037,-9.009376382827758,111.24112,12.963522
scene_005482,15.334953451156618,-9.446945,12.963522
scene_007355,-7.939582681655884,-158.98114,12.963522
scene_006758,39.392265462875365,159.70105,12.963522
scene_003192,17.933769369125365,86.58447,12.963522
scene_000248,15.992485189437868,-39.60132,12.963522
scene_002250,35.530571126937865,-109.80665,12.963522
scene_000507,30.41643538475037,151.80243,12.963522
scene_007751,2.1034318447113036,-109.7046,12.963522
scene_006796,47.574882650375365,95.05835,12.963522
scene_003562,8.759636068344117,95.34796,12.963522
scene_000897,19.342765951156615,-154.3546,12.963522
scene_004425,18.319938802719115,-132.62634,12.963522
scene_000195,12.256034994125367,-114.85472,12.963522
scene_000238,-21.768623208999635,9.386734,12.963522
scene_000342,-8.664954996109008,-52.88456,12.963522
scene_000443,24.571708822250365,11.513916,12.963522
scene_000624,61.81096663475037,-2.1152039,12.963522
scene_003067,-2.102683877944947,-113.076294,12.963522
scene_007240,13.967704916000368,-116.2576,12.963522
scene_001763,-2.8124006748199473,19.574036,12.963522
scene_004883,0.6667119503021235,-78.35515,12.963522
scene_001942,-9.270301675796508,8.725861,12.963522
scene_002488,26.63823714256287,53.599,12.963522
scene_006557,2.9370881557464594,-44.848495,12.963522
scene_004894,28.30815901756287,86.10416,12.963522
scene_003409,7.966423177719117,-8.672897,12.963522
scene_007340,21.210991048812865,156.12125,12.963522
scene_004568,-1.2951200962066658,-161.95088,12.963522
scene_001555,7.919456624984742,-159.6764,12.963522
scene_004219,-8.049171304702758,-98.8562,12.963522
scene_001825,-32.184760904312135,172.2879,12.963522
scene_000458,-7.08896622657776,-3.420105,12.963522
scene_005572,33.276176595687865,123.60028,12.963522
scene_003374,18.236442708969115,174.99323,12.963522
scene_006790,3.895988607406616,-60.297195,12.963522
scene_000708,-10.360969400405883,-153.70026,12.963522
scene_006198,15.209709310531618,-126.30773,12.963522
scene_007968,37.075248861312865,3.3866425,12.963522
scene_005237,-15.005439615249635,51.138474,12.963522
scene_006273,-12.709297037124635,-163.25436,12.963522
scene_007390,11.671562337875367,-174.27103,12.963522
scene_001714,-23.563789224624635,-87.70721,12.963522
scene_005742,13.852897787094118,-65.84287,12.963522
scene_000559,12.986625814437867,-1.584732,12.963522
scene_003452,-17.896491861343385,43.437622,12.963522
scene_003159,5.396309041976928,-23.293762,12.963522
scene_000450,22.588676595687865,-174.06982,12.963522
scene_003378,26.49211897850037,39.341705,12.963522
scene_003957,-14.368781900405885,179.92242,12.963522
scene_003369,-0.33687195777893114,-156.39146,12.963522
scene_002662,6.818351888656617,142.75464,12.963522
scene_007229,6.254753255844116,151.83527,12.963522
scene_000481,0.1613322734832759,165.81543,12.963522
scene_003030,18.392997884750365,-170.31425,12.963522
scene_005606,-3.1750868320465098,-132.28354,12.963522
scene_006227,24.300346517562865,-140.91286,12.963522
scene_007166,-2.661064004898072,167.52405,12.963522
scene_003046,39.997612142562865,-141.573,12.963522
scene_007769,18.361686849594115,-13.764557,12.963522
scene_000875,-8.529273843765258,156.06708,12.963522
scene_001006,24.112480306625365,-34.74257,12.963522
scene_003282,25.88677229881287,79.25476,12.963522
scene_007422,19.499321126937865,-95.98068,12.963522
scene_004581,29.56060042381287,58.43347,12.963522
scene_003205,36.365532064437865,171.87347,12.963522
scene_002209,21.941581869125365,135.6398,12.963522
scene_000966,16.472587728500365,110.02295,12.963522
scene_002747,16.952690267562865,-128.10382,12.963522
scene_000621,13.372795248031618,-5.049179,12.963522
scene_000837,10.935753011703492,-135.18472,12.963522
scene_006056,4.485679769515991,-128.20384,12.963522
scene_004932,4.428276205062866,-14.976898,12.963522
scene_000404,18.132072591781615,77.03757,12.963522
scene_004880,11.995109701156617,119.07178,12.963522
scene_007419,-12.980659341812135,-54.58793,12.963522
scene_000915,-1.225974893569947,91.53708,12.963522
scene_006425,-0.4216726779937749,105.08972,12.963522
scene_003249,7.517631673812867,-20.210876,12.963522
scene_001521,32.19072737693787,127.50244,12.963522
scene_004949,-1.2051008701324468,-175.65671,12.963522
scene_006242,22.734794759750365,-7.2603455,12.963522
scene_005653,-9.165931558609008,-143.20976,12.963522
scene_006247,-4.837180948257447,-86.92064,12.963522
scene_007915,28.34990706443787,129.97443,12.963522
scene_004595,2.772705221176147,-63.35604,12.963522
scene_002679,23.966362142562865,-110.552055,12.963522
scene_007228,2.4765550136566157,17.215546,12.963522
scene_005881,0.4834934711456294,-150.39828,12.963522
scene_003334,-10.011329507827758,-120.14524,12.963522
scene_002453,-24.064765787124635,74.74475,12.963522
scene_006719,2.802711629867553,-160.35939,12.963522
scene_001173,17.631096029281615,-93.40127,12.963522
scene_002144,12.057731771469117,150.80463,12.963522
scene_005067,45.445732259750365,127.19083,12.963522
scene_005702,-10.527961587905883,-177.94505,12.963522
scene_004972,48.034111166000365,35.38846,12.963522
scene_007773,-0.8228453159332281,170.50214,12.963522
scene_005932,-13.533820962905885,-117.15867,12.963522
scene_005195,38.849540853500365,160.81274,12.963522
scene_003318,-5.345985269546509,-9.721451,12.963522
scene_007055,5.652015829086303,-3.2385406,12.963522
scene_007801,38.369438314437865,175.18948,12.963522
scene_002170,-17.979987955093385,88.50046,12.963522
scene_006472,26.65911116600037,81.45447,12.963522
scene_007924,8.837913656234742,-99.97444,12.963522
scene_006339,-7.64212784767151,171.87573,12.963522
scene_005310,2.065597677230835,137.36414,12.963522
scene_003843,-13.032844400405885,147.482,12.963522
scene_007059,28.72563948631287,-171.17221,12.963522
scene_002761,31.20964827537537,-80.76893,12.963522
scene_002949,28.72563948631287,114.52289,12.963522
scene_004644,5.722465658187866,-92.244255,12.963522
scene_002962,17.307548666000365,9.955521,12.963522
scene_000970,-0.041047906875610884,164.75018,12.963522
scene_004339,4.584831380844116,135.3393,12.963522
scene_001681,21.419731283187865,-154.36435,12.963522
scene_007200,11.828117513656617,-176.96973,12.963522
scene_004212,-6.843696451187135,-97.38537,12.963522
scene_005266,11.160148763656617,-41.873047,12.963522
scene_007877,2.8535920619964594,160.35773,12.963522
scene_005053,17.025749349594115,35.052597,12.963522
scene_002291,-13.899116373062135,134.34857,12.963522
scene_005488,-1.0772474765777593,-40.981842,12.963522
scene_005136,8.994468832015992,-120.015724,12.963522
scene_000699,27.20183577537537,-99.01964,12.963522
scene_000155,43.274833822250365,70.414764,12.963522
scene_001005,8.618736410140992,171.61337,12.963522
scene_004227,7.992515707015992,84.57034,12.963522
scene_000023,12.704826498031617,7.7328796,12.963522
scene_005462,-19.180244302749635,-92.021194,12.963522
scene_004453,18.674797201156615,-115.92333,12.963522
scene_005241,2.090385580062866,72.87839,12.963522
scene_000193,48.034111166000365,43.120346,12.963522
scene_001618,30.56255354881287,17.320297,12.963522
scene_000291,-0.2510927677154546,-145.34424,12.963522
scene_005777,16.18035140037537,177.7677,12.963522
scene_003146,2.809234762191772,-16.783173,12.963522
scene_001750,-12.970222330093385,153.26971,12.963522
scene_006982,19.332328939437865,28.791016,12.963522
scene_006310,9.970329427719117,151.76047,12.963522
scene_004021,-4.184867715835572,-171.85658,12.963522
scene_007505,-6.18094620704651,150.84106,12.963522
scene_005571,20.563896322250365,11.150375,12.963522
scene_001443,31.94023909568787,-24.65303,12.963522
scene_004833,18.079887533187865,4.0589294,12.963522
scene_000636,15.428886556625368,-74.053185,12.963522
scene_004814,7.131462240219117,63.03604,12.963522
scene_004015,12.882255697250367,-41.564392,12.963522
scene_006576,33.150932455062865,-163.4908,12.963522
scene_001351,13.237114095687868,-165.53642,12.963522
scene_003115,20.459526205062865,-71.004684,12.963522
scene_001047,0.5192891597747797,105.70291,12.963522
scene_001798,6.573082113265991,160.19144,12.963522
scene_003362,5.811180257797241,-95.53988,12.963522
scene_003857,12.715263509750367,-49.769653,12.963522
scene_000455,-7.41251358985901,-70.08964,12.963522
scene_000698,12.944877767562867,-91.7764,12.963522
scene_005696,26.15813460350037,-130.73985,12.963522
scene_005992,12.871818685531617,67.83301,12.963522
scene_001029,-22.165229654312135,65.172424,12.963522
scene_006257,37.471855306625365,-92.36531,12.963522
scene_002290,-0.8371962070465093,15.511993,12.963522
scene_001269,-10.538398599624633,32.994385,12.963522
scene_007993,-1.1581343173980718,-113.80737,12.963522
scene_000587,-1.3446959018707283,-2.421524,12.963522
scene_007085,10.956627035140992,90.28552,12.963522
scene_006296,-0.17346749305725145,-176.40219,12.963522
scene_000259,9.636345052719117,73.87392,12.963522
scene_005609,-9.489478921890258,126.72623,12.963522
scene_002238,-20.234382486343385,83.249176,12.963522
scene_005701,56.63420882225037,-166.3491,12.963522
scene_007123,-15.882148599624633,68.24347,12.963522
scene_000053,-6.44187150001526,-59.13607,12.963522
scene_003304,15.418449544906618,40.87686,12.963522
scene_007233,-2.4131849765777593,-141.52388,12.963522
scene_007315,24.383842611312865,120.20203,12.963522
scene_004387,-7.010688638687135,100.2865,12.963522
scene_000487,6.818351888656617,-33.641266,12.963522
scene_003535,35.634941244125365,106.43872,12.963522
scene_001596,8.446525716781617,-124.83326,12.963522
scene_000733,8.681358480453492,152.60236,12.963522
scene_004751,22.484306478500365,160.61304,12.963522
scene_007904,2.2547685146331786,-161.99821,12.963522
scene_000574,-9.818244791030883,43.205887,12.963522
scene_006781,23.152275228500365,-168.00745,12.963522
scene_002594,13.101432943344118,-64.03045,12.963522
scene_004165,0.22876515388488722,137.18402,12.963522
scene_000495,-10.538398599624633,62.471207,12.963522
scene_004516,2.7948838710784907,-65.194534,12.963522
scene_004876,20.720451498031615,-178.40842,12.963522
scene_005756,-17.969550943374635,-55.576797,12.963522
scene_004513,7.642875814437867,-121.34137,12.963522
scene_007006,-0.6571577548980718,76.80139,12.963522
scene_002975,33.610160970687865,86.854706,12.963522
scene_001647,-17.489448404312135,-176.36707,12.963522
scene_000028,24.905693197250365,-171.0296,12.963522
scene_001566,-7.736060953140259,24.570038,12.963522
scene_006365,24.529960775375365,-157.4196,12.963522
scene_006151,-17.186775064468385,135.61542,12.963522
scene_001514,-13.659065103530885,-179.08922,12.963522
scene_004683,11.201896810531617,-152.08937,12.963522
scene_002415,25.82415022850037,127.46365,12.963522
scene_003129,-25.60944352149964,18.738785,12.963522
scene_004092,26.53386702537537,-40.336716,12.963522
scene_007828,13.508476400375368,140.46533,12.963522
scene_001371,9.036216878890992,-121.287605,12.963522
scene_000944,20.918754720687865,62.32071,12.963522
scene_000833,-31.746406412124635,-80.568855,12.963522
scene_001462,-26.44440445899964,-172.19505,12.963522
scene_002803,13.090995931625368,124.73151,12.963522
scene_004886,25.239677572250365,130.57642,12.963522
scene_002762,1.5476609706878657,-140.06496,12.963522
scene_001673,-6.96372208595276,173.9931,12.963522
scene_002753,-13.940864419937135,-52.806366,12.963522
scene_005263,-10.653205728530883,-174.19373,12.963522
scene_000664,13.665031576156618,16.215622,12.963522
scene_002490,-7.63169083595276,15.198532,12.963522
scene_001668,36.595146322250365,-119.64307,12.963522
scene_007183,12.715263509750367,-166.76422,12.963522
scene_007165,26.09551253318787,138.26889,12.963522
scene_006503,23.152275228500365,-107.49407,12.963522
scene_007306,30.47905745506287,88.798035,12.963522
scene_004293,-11.947395181655883,-127.38917,12.963522
scene_001489,-5.038093423843384,-142.34195,12.963522
scene_006019,2.369575643539428,90.79581,12.963522
scene_005272,24.759575033187865,142.27643,12.963522
scene_004445,23.903740072250365,-74.364044,12.963522
scene_005383,31.71062483787537,110.94348,12.963522
scene_001146,-4.430137491226197,-67.24264,12.963522
scene_003972,2.6331101894378657,104.767944,12.963522
scene_000112,-3.652580118179322,-22.241318,12.963522
scene_007244,25.76152815818787,-85.345566,12.963522
scene_000382,-3.8691481113433843,-148.58699,12.963522
scene_001900,-1.9200361728668218,53.875732,12.963522
scene_007413,19.801994466781615,-1.9307404,12.963522
scene_007192,21.346672201156615,-166.53271,12.963522
scene_000083,7.710716390609742,105.211945,12.963522
scene_005289,-16.080451822280885,91.230835,12.963522
scene_007381,20.835258626937865,-67.153984,12.963522
scene_002443,-1.9461287021636968,-175.18935,12.963522
scene_000217,18.977470541000365,-69.14622,12.963522
scene_003064,44.360283041000365,112.60687,12.963522
scene_003847,17.474540853500365,-133.46991,12.963522
scene_004879,5.905113363265991,101.31354,12.963522
scene_003920,-11.112434244155883,-137.58113,12.963522
scene_000759,-10.434028482437133,-176.20476,12.963522
scene_005295,8.389122152328492,-142.00275,12.963522
scene_003167,7.846397542953492,58.16736,12.963522
scene_007151,0.8183747768402095,76.3241,12.963522
scene_007615,-24.774482583999635,-166.24538,12.963522
scene_006145,5.698982381820678,50.14984,12.963522
scene_006686,24.634330892562865,134.1705,12.963522
scene_003365,-0.38057694435119677,52.60666,12.963522
scene_001318,37.597099447250365,-55.1429,12.963522
scene_003327,39.016533041000365,-25.941742,12.963522
scene_002025,-4.704109048843384,103.577515,12.963522
scene_001215,32.33684554100037,55.6698,12.963522
scene_006174,-0.24717888832092333,-170.79843,12.963522
scene_002699,9.109275960922242,-141.76553,12.963522
scene_000180,-19.649909830093385,129.19928,12.963522
scene_003993,29.79021468162537,170.44843,12.963522
scene_007184,-3.3368605136871348,-79.86313,12.963522
scene_003512,-13.345954751968385,56.30156,12.963522
scene_002056,12.057731771469117,-71.72734,12.963522
scene_001610,-4.675407266616822,-142.46277,12.963522
scene_000800,27.16008772850037,-150.83162,12.963522
scene_007628,12.506523275375367,-157.31483,12.963522
scene_003016,7.115806722640992,-164.18645,12.963522
scene_000654,1.5072175502777094,-86.06067,12.963522
scene_005971,20.386467123031615,-28.391312,12.963522
scene_004383,4.858802938461303,79.40662,12.963522
scene_000008,-2.144431924819947,-128.12721,12.963522
scene_000178,11.295829916000367,156.65134,12.963522
scene_002403,19.165336751937865,-134.24225,12.963522
scene_005957,-13.533820962905885,148.5664,12.963522
scene_004051,7.684623861312867,-126.52934,12.963522
scene_001510,19.770683431625365,-37.785416,12.963522
scene_005795,-18.773200845718385,-50.843536,12.963522
scene_001591,-4.962425088882447,97.84177,12.963522
scene_006780,-2.1940077304840093,117.897705,12.963522
scene_006432,37.868461751937865,95.067535,12.963522
scene_002063,2.199974203109741,-175.63022,12.963522
scene_005986,-18.387031412124635,178.58029,12.963522
scene_005643,0.9736253261566157,-55.0783,12.963522
scene_000133,18.653923177719115,167.76733,12.963522
scene_001620,11.431511068344117,-81.785065,12.963522
scene_005731,13.779838705062868,-118.385895,12.963522
scene_006506,32.837822103500365,-127.326836,12.963522
scene_005247,1.6226769924163813,-114.666306,12.963522
scene_006361,-4.411872720718384,-22.772812,12.963522
scene_003740,-24.586616373062135,-167.66794,12.963522
scene_003750,34.299003744125365,-166.86559,12.963522
scene_003405,31.33489241600037,-113.45951,12.963522
scene_007197,-15.746467447280883,149.45023,12.963522
scene_001469,14.009452962875368,159.4913,12.963522
scene_006087,38.536430501937865,167.56076,12.963522
scene_007227,22.964409017562865,-160.77492,12.963522
scene_005324,24.822197103500365,158.40231,12.963522
scene_006951,-2.2409742832183843,121.25845,12.963522
scene_000121,3.100166463851928,60.422073,12.963522
scene_005931,-12.625800943374635,169.66956,12.963522
scene_001229,36.490776205062865,84.47818,12.963522
scene_006702,9.850303792953492,-19.940094,12.963522
scene_006102,-15.130683755874635,-81.83854,12.963522
scene_002433,-10.105262613296508,-165.28035,12.963522
scene_007089,2.6657258510589594,-34.14987,12.963522
scene_006700,15.710685873031618,-100.25542,12.963522
scene_007732,0.3265509843826289,-17.779861,12.963522
scene_004530,10.079918050765992,-155.17636,12.963522
scene_002162,-37.048408365249635,28.219894,12.963522
scene_005223,-15.287238931655885,-104.63048,12.963522
scene_006212,61.97795882225037,119.77133,12.963522
scene_005703,4.603096151351928,-169.66562,12.963522
scene_004404,-14.880195474624635,44.016068,12.963522
scene_007743,10.528709554672242,-28.36615,12.963522
scene_001223,4.832710409164428,-52.250854,12.963522
scene_007426,26.07463850975037,17.578125,12.963522
scene_000378,2.557441854476928,-103.691505,12.963522
scene_004915,11.379326009750367,45.289444,12.963522
scene_000278,18.622612142562865,-59.791214,12.963522
scene_006387,4.811836385726928,114.694,12.963522
scene_007819,20.417778158187865,140.79749,12.963522
scene_000059,12.391716146469117,-177.40318,12.963522
scene_006742,8.895317220687867,-160.73091,12.963522
scene_003638,-8.383155679702758,41.189682,12.963522
scene_005662,-4.735420083999634,136.54645,12.963522
scene_007499,24.362968587875365,149.2243,12.963522
scene_004363,3.355873250961303,-138.74237,12.963522
scene_002694,-15.099372720718385,-175.99507,12.963522
scene_006590,29.56060042381287,-150.8868,12.963522
scene_005899,30.98003401756287,15.700409,12.963522
scene_005355,9.933799886703492,97.997284,12.963522
scene_000705,30.81304183006287,147.5777,12.963522
scene_000385,10.439994955062867,-10.155884,12.963522
scene_007377,13.832023763656618,-175.45604,12.963522
scene_001962,2.892730855941772,-176.64273,12.963522
scene_006608,19.269706869125365,25.918457,12.963522
scene_007592,8.905754232406617,107.865875,12.963522
scene_002608,-28.00995621681214,-89.70927,12.963522
scene_000517,-27.42548356056214,48.0372,12.963522
scene_003919,-14.347907876968385,136.79053,12.963522
scene_005091,25.86589827537537,143.12155,12.963522
scene_007618,0.2453176021575923,90.33417,12.963522
scene_003015,10.022514486312867,-171.93991,12.963522
scene_004289,-14.692329263687135,4.116638,12.963522
scene_001977,43.984550619125365,-96.88557,12.963522
scene_006377,15.188835287094118,33.691696,12.963522
scene_005564,1.2365075588226315,-172.63658,12.963522
scene_006819,26.84697737693787,153.18625,12.963522
scene_000782,4.269111776351929,-179.20654,12.963522
scene_006466,3.9873124599456786,34.660263,12.963522
scene_000306,0.9387265682220454,167.27124,12.963522
scene_000140,25.364921712875365,-158.91083,12.963522
scene_001155,-8.090919351577758,32.174973,12.963522
scene_001567,-5.137245035171509,168.66785,12.963522
scene_006587,5.936424398422241,1.9108582,12.963522
scene_002148,-38.259101724624635,158.56805,12.963522
scene_000014,1.8268510341644282,-28.793457,12.963522
scene_003273,1.4185029506683344,165.40558,12.963522
scene_007115,-0.8626364231109624,70.5238,12.963522
scene_001710,12.256034994125367,87.34985,12.963522
scene_002089,10.513054037094117,87.624146,12.963522
scene_006891,26.36687483787537,137.29529,12.963522
scene_005450,10.643516683578492,177.01651,12.963522
scene_005329,23.736747884750365,-54.74137,12.963522
scene_001191,7.006218099594117,-25.257202,12.963522
scene_002026,15.794181966781618,156.39285,12.963522
scene_005163,7.423698568344117,-174.57092,12.963522
scene_002333,-16.842353677749635,14.772842,12.963522
scene_003832,-1.866546487808228,126.63141,12.963522
scene_006493,41.417045736312865,1.3617859,12.963522
scene_002423,8.023826742172242,-90.969925,12.963522
scene_005197,-2.7941359043121343,38.830994,12.963522
scene_000477,-16.581428384780885,68.53703,12.963522
scene_000210,12.965751791000367,-44.064316,12.963522
scene_001392,-13.606880044937135,162.90363,12.963522
scene_003268,-0.6271513462066656,137.73999,12.963522
scene_002538,-3.1750868320465098,147.18921,12.963522
scene_005894,-10.486213541030883,143.97314,12.963522
scene_002096,15.627189779281618,76.49951,12.963522
scene_005000,5.988609457015991,-157.06805,12.963522
scene_007749,6.296501302719116,1.0010681,12.963522
scene_003775,6.233879232406616,-172.18016,12.963522
scene_004184,11.942924642562867,-124.29593,12.963522
scene_005410,5.999046468734741,-140.13466,12.963522
scene_003925,-0.8919905185699468,3.08078,12.963522
scene_006139,-17.113715982437135,-48.008804,12.963522
scene_002027,10.346061849594117,-162.66869,12.963522
scene_002729,1.702911520004272,19.242844,12.963522
scene_000147,10.340843343734742,155.36292,12.963522
scene_002513,30.75041975975037,-113.909805,12.963522
scene_000224,19.353202962875365,-176.07034,12.963522
scene_006855,-11.352485513687133,45.255295,12.963522
scene_005031,-13.074592447280885,4.367401,12.963522
scene_006437,3.2384568691253657,74.46298,12.963522
scene_000627,-6.17050919532776,147.16406,12.963522
scene_000964,20.490837240219115,-51.738632,12.963522
scene_002411,-6.70279679298401,-38.23979,12.963522
scene_003801,1.8607713222503657,147.46436,12.963522
scene_002915,13.132743978500368,59.19255,12.963522
scene_006680,4.817054891586303,-21.296661,12.963522
scene_004123,9.030998373031617,-152.29118,12.963522
scene_007873,45.821464681625365,-5.837906,12.963522
scene_006335,4.824882650375366,-78.93333,12.963522
scene_002070,15.929863119125368,172.53482,12.963522
scene_007202,29.14311995506287,69.18323,12.963522
scene_001294,23.653251791000365,54.6548,12.963522
scene_004851,13.466728353500368,110.56525,12.963522
scene_000707,6.588737630844116,179.84326,12.963522
scene_007758,-6.25400528907776,145.38605,12.963522
scene_000912,-1.6760710239410406,-102.229645,12.963522
scene_002498,18.152946615219115,134.06924,12.963522
scene_003770,-2.8228376865386973,-127.3267,12.963522
scene_000098,19.593254232406615,81.97681,12.963522
scene_005904,-9.646034097671508,-124.881065,12.963522
scene_003840,32.649955892562865,73.1922,12.963522
scene_007447,40.853447103500365,168.26526,12.963522
scene_001717,-6.22269425392151,98.91058,12.963522
scene_005936,40.477714681625365,177.52621,12.963522
